site,id,c14_age,c14_error
Actun Halal,PLD-28979,2695,20
Actun Halal,PSUAMS-5868,2490,50
Actun Halal,Beta-221899,2410,60
Actun Halal,PSUAMS-5869,1720,50
Actun Tunichil Muknal,AA57316,1191,31
Actun Uayazba Kab,UCIAMS-179816,2075,15
Actun Uayazba Kab,UCIAMS-179820,2065,15
Actun Uayazba Kab,UCIAMS-179818,2055,15
Actun Uayazba Kab,UCIAMS-179817,2010,15
Actun Uayazba Kab,UCIAMS-179819,1915,15
Actun Uayazba Kab,UCIAMS-167260,1245,20
Actun Uayazba Kab,UCIAMS-179821,1200,15
Actuncan,UCIAMS-116846,2835,20
Actuncan,NA,2405,20
Actuncan,NA,2235,20
Actuncan,NA,2210,20
Actuncan,NA,2200,20
Actuncan,NA,2120,20
Actuncan,NA,2105,20
Actuncan,NA,2060,25
Actuncan,NA,1870,15
Actuncan,AA-31355,1175,60
Baking Pot,UCIAMS-132235,2290,20
Baking Pot,UCIAMS-132231,1945,20
Baking Pot,UCIAMS-132227,1805,25
Baking Pot,UCIAMS-132234,1510,20
Baking Pot,UCIAMS-132229,1335,25
Baking Pot,UCIAMS-132232,1330,20
Baking Pot,UCIAMS-132228,1325,20
Baking Pot,UCIAMS-132226,1315,20
Baking Pot,UCIAMS-132230,1305,25
Baking Pot,UCIAMS-132236,650,20
Baking Pot,UCIAMS-132233,650,20
Baking Pot,UCIAMS-127393,565,20
Blackman Eddy,Beta-162573,2800,40
Blackman Eddy,Beta-159142,2750,40
Blackman Eddy,Beta-122282,2730,50
Blackman Eddy,Beta-122279,2500,50
Blackman Eddy,Beta-103959,2480,50
Blackman Eddy,Beta-162570,2460,40
Blackman Eddy,Beta-159144,2450,40
Blackman Eddy,Beta-159146,2430,40
Blackman Eddy,Beta-162571,2420,40
Blackman Eddy,Beta-229800,2400,40
Blackman Eddy,Beta-229801,2380,40
Blackman Eddy,Beta-162572,2340,60
Blackman Eddy,Beta-159145,2240,40
Buenavista del Cayo,Isotopes-16332,1740,60
Buenavista del Cayo,Beta-38376,1690,50
Buenavista del Cayo,Beta-156324,1500,50
Buenavista del Cayo,Isotopes-I-16269,1430,60
Buenavista del Cayo,Beta-94442,1400,50
Buenavista del Cayo,Beta-156305,1320,30
Buenavista del Cayo,Beta-445404,1310,30
Buenavista del Cayo,Beta-38378,1300,60
Buenavista del Cayo,Beta-445411,1280,30
Buenavista del Cayo,Beta-445405,1270,30
Buenavista del Cayo,Beta-355308,1250,30
Buenavista del Cayo,Beta-445412,1240,30
Buenavista del Cayo,Beta-304394,1220,30
Buenavista del Cayo,Beta-156306,1180,50
Cahal Pech,UCIAMS-111162,2845,20
Cahal Pech,UCIAMS-172403,2835,20
Cahal Pech,UCIAMS-111158,2830,15
Cahal Pech,UCIAMS-169816,2820,15
Cahal Pech,Beta-77205,2800,50
Cahal Pech,UCIAMS-169817,2800,20
Cahal Pech,UCIAMS-169815,2760,20
Cahal Pech,Beta-40865,2740,70
Cahal Pech,UCIAMS-115024,2735,20
Cahal Pech,Beta-40864,2720,60
Cahal Pech,Beta-77204,2710,120
Cahal Pech,UCIAMS-115022,2705,15
Cahal Pech,UCIAMS-115023,2585,15
Cahal Pech,UCIAMS-172405,2530,20
Cahal Pech,UCIAMS-169814,2525,15
Cahal Pech,UCIAMS-111159,2505,15
Cahal Pech,UCIAMS-172404,2500,20
Cahal Pech,Beta-40863,2470,90
Cahal Pech,UCIAMS-111161,2435,20
Cahal Pech,UCIAMS-151863,2415,25
Cahal Pech,Beta-77201,2370,60
Cahal Pech,Beta-77203,2230,50
Cahal Pech,UCIAMS-115021,2225,15
Cahal Pech,Beta-77199,2220,100
Cahal Pech,UCIAMS-111160,2220,15
Cahal Pech,UCIAMS-164873,2175,15
Cahal Pech,UCIAMS-121552,2150,20
Cahal Pech,UCIAMS-167921,2095,20
Cahal Pech,UCIAMS-164878,2085,20
Cahal Pech,UCIAMS-167920,2085,20
Cahal Pech,UCIAMS-164875,2070,15
Cahal Pech,UCIAMS-169813,2035,15
Cahal Pech,Beta-77202,2020,140
Cahal Pech,UCIAMS-169809,2020,15
Cahal Pech,Beta-77206,1950,200
Cahal Pech,UCIAMS-151861,1935,25
Cahal Pech,UCIAMS-164872,1920,15
Cahal Pech,UCIAMS-164871,1890,15
Cahal Pech,UCIAMS-164869,1880,15
Cahal Pech,UCIAMS-164851,1860,20
Cahal Pech,UCIAMS-170054,1790,20
Cahal Pech,UCIAMS-123530,1770,15
Cahal Pech,UCIAMS-164876,1765,15
Cahal Pech,UCIAMS-166058,1765,15
Cahal Pech,AA103357,1748,47
Cahal Pech,X27037,1748,59
Cahal Pech,UCIAMS-172402,1610,20
Cahal Pech,UCIAMS-121551,1595,15
Cahal Pech,UCIAMS-166056,1590,15
Cahal Pech,UCIAMS-166057,1580,15
Cahal Pech,UCIAMS-174958,1565,15
Cahal Pech,UCIAMS-121553,1555,15
Cahal Pech,UCIAMS-166049,1550,15
Cahal Pech,UCIAMS-123531,1545,15
Cahal Pech,UCIAMS-164842,1545,15
Cahal Pech,UCIAMS-170057,1525,20
Cahal Pech,UCIAMS-164850,1520,15
Cahal Pech,AA103356,1516,39
Cahal Pech,X27036,1516,59
Cahal Pech,UCIAMS-170060,1515,20
Cahal Pech,UCIAMS-164847,1515,15
Cahal Pech,UCIAMS-164868,1505,20
Cahal Pech,UCIAMS-150915,1490,20
Cahal Pech,UCIAMS-164849,1470,15
Cahal Pech,UCIAMS-164843,1465,20
Cahal Pech,UCIAMS-170059,1440,20
Cahal Pech,AA103355,1432,46
Cahal Pech,X27035,1432,31
Cahal Pech,UCIAMS-164866,1425,15
Cahal Pech,UCIAMS-151862,1415,25
Cahal Pech,UCIAMS-164853,1415,15
Cahal Pech,UCIAMS-170058,1415,20
Cahal Pech,UCIAMS-164848,1415,15
Cahal Pech,UCIAMS-121554,1365,15
Cahal Pech,UCIAMS-164867,1345,20
Cahal Pech,X27038,1336,46
Cahal Pech,UCIAMS-164846,1335,20
Cahal Pech,UCIAMS-166055,1325,15
Cahal Pech,UCIAMS-169818,1320,15
Cahal Pech,UCIAMS-164844,1315,15
Cahal Pech,UCIAMS-166054,1310,15
Cahal Pech,UCIAMS-166051,1300,15
Cahal Pech,UCIAMS-167924,1285,20
Cahal Pech,UCIAMS-151860,1280,25
Cahal Pech,UCIAMS-170055,1270,20
Cahal Pech,UCIAMS-123532,1255,15
Cahal Pech,UCIAMS-121549,1245,20
Cahal Pech,UCIAMS-166053,1240,15
Cahal Pech,UCIAMS-164852,1235,15
Cahal Pech,UCIAMS-167923,1235,20
Cahal Pech,UCIAMS-155962,1230,15
Cahal Pech,UCIAMS-121550,1225,15
Cahal Pech,UCIAMS-166052,1215,15
Cahal Pech,UCIAMS-166048,1180,15
Cahal Pech,UCIAMS-170056,1175,20
Caledonia,RL-146,1520,120
Chaa Creek,CHC 10122,1365,70
Chaa Creek,CHC 10123,1285,75
Chan,Beta-256806,2540,40
Chan,Beta-256798,2480,40
Chan,Beta-256802,2460,40
Chan,Beta-278923,2440,40
Chan,Beta-256808,2290,40
Chan,Beta-256797,2270,40
Chan,Beta-256812,2250,40
Chan,Beta-256803,2210,40
Chan,Beta-256809,2200,40
Chan,Beta-256801,2180,40
Chan,Beta-278922,2050,40
Chan,Beta-256805,2040,40
Chan,Beta-256811,1980,40
Chan,Beta-256815,1770,40
Chan,Beta-278920,1610,40
Chan,Beta-278924,1550,40
Chan,AA103349,1536,48
Chan,Beta-278919,1510,40
Chan,Beta-278921,1420,40
Chan,AA103352,1391,38
Chan,Beta-278918,1350,40
Chan,AA103351,1334,47
Chan,AA103348,1315,47
Chan,AA103353,1294,45
Chan,X27034,1277,45
Chan,Beta-256813,1260,40
Chan,Beta-278917,1230,40
Chan,AA103354,1217,45
Chan,Beta-256804,1170,40
Chan,Beta-256810,1170,40
Chan,Beta-256814,1150,40
Chechem Ha Cave,AA57282,2847,34
Chechem Ha Cave,AA57277,2826,34
Chechem Ha Cave,AA57301,2517,37
Chechem Ha Cave,AA57300,2465,33
Chechem Ha Cave,AA57314,2309,37
Chechem Ha Cave,AA57313,2295,34
Chechem Ha Cave,AA57309,2275,34
Chechem Ha Cave,AA57276,2120,34
Chechem Ha Cave,AA57291,2096,33
Chechem Ha Cave,AA57275,1744,40
Chechem Ha Cave,AA57299,1716,36
Chechem Ha Cave,AA57289,1714,33
Chechem Ha Cave,AA59755,1696,36
Chechem Ha Cave,AA57272,1673,34
Chechem Ha Cave,Beta-170074,1660,40
Chechem Ha Cave,AA57271,1587,34
Chechem Ha Cave,Beta-56307,1270,50
Chechem Ha Cave,AA59753,1239,36
Chechem Ha Cave,AA57288,1210,31
Chechem Ha Cave,AA57293,1187,33
Las Ruinas de Arenal,Beta-94441,1700,60
Las Ruinas de Arenal,Beta-94445,1100,50
Lower Barton Creek,UCIAMS-167255,2465,20
Lower Barton Creek,UCIAMS-167258,2220,20
Lower Barton Creek,UCIAMS-167257,2150,20
Pacbitun,Beta-25377,2750,100
Pacbitun,Beta-25372,2720,170
Pacbitun,Beta-93778,2570,100
Pacbitun,Beta-93775,2570,100
Pacbitun,Beta-25378,2470,100
Pacbitun,TO-612,2470,100
Pacbitun,Beta-93773,2450,50
Pacbitun,Beta-93776,2400,60
Pacbitun,Beta-25374,2020,60
Pacbitun,Beta-25379,1980,80
Pacbitun,Beta-19859,1860,130
Pacbitun,Beta-25376,1790,80
Pacbitun,TO-614,1790,40
Pacbitun,Beta-25380,1650,70
Pacbitun,TO-613,1610,40
Pacbitun,TO-611,1530,40
Pacbitun,Beta-25373,1520,70
Pacbitun,TO-610,1480,40
Pacbitun,TO-608,1430,40
Pacbitun,TO-695,1390,50
Pacbitun,TO-609,1330,40
Pacbitun,TO-607,1090,40
San Lorenzo,AA22846,1270,45
San Lorenzo,10121,1245,70
San Lorenzo,AA22844,1240,45
San Lorenzo,AA22849,1225,45
San Lorenzo,9373,1215,75
San Lorenzo,AA22845,1195,40
San Lorenzo,AA22842,1175,70
San Lorenzo,AA22848,1170,60
Xunantunich,X-10124,1445,90
Xunantunich,AA31357,1420,55
Xunantunich,AA31356,1405,55
Xunantunich,AA31358,1360,50
Xunantunich,AA22847,1300,55
Xunantunich,AA31359,1300,50
Xunantunich,AA22850,1290,45
Xunantunich,AA22841,1290,45
Xunantunich,AA22851,1230,45
Xunantunich,AA22843,1165,45
Xunantunich,9372,1095,75
Aguacatal,I-1069,1695,200
Aguacatal,I-1068,1645,140
Aguacatal,I-1070,1212,170
Becan,I-5029,1830,95
Becan,I-5030,1345,95
Becan,I-4287,1295,95
Becan,I-5028,1280,95
Becan,I-4286,1230,95
Chiapas/N Yucatan,I-6107,720,130
Chicanna,I-5026,1380,95
Chicanna,I-5024,1280,95
Chinkultic,UCLA-1617,990,70
Palenque,LTL12759A,1696,30
Palenque,O-639,1575,105
Palenque,H-639,1565,105
Palenque,O-641,1550,105
Palenque,H-641,1540,105
Palenque,O-397,1450,100
Palenque,H-397,1440,100
Palenque,O-396,1400,100
Palenque,H-396,1390,100
Copan,Beta-137374,2250,70
Copan,Beta-155206,2240,90
Copan,Beta-155203,2220,40
Copan,Beta-137132,2100,60
Copan,UCLA-1419,1700,110
Copan,UCLA-1420,1200,70
Copan,Beta-91487,1100,80
Copan,Beta-139616,1100,40
Copan,Beta-139614,1070,40
Copan,Beta-139615,1030,40
Copan,Beta-91488,1010,50
Copan,Beta-139617,980,40
Tulum,Y-393,880,60
San Gervasio,M-719B,480,200
Ceren,TX-6600,1520,70
Ceren,ELS-40,1440,135
Ceren,TX-6601,1350,90
El Gigante,Beta-159055,2280,40
El Gigante,Beta-171701,2010,40
El Gigante,Beta-156242,1970,70
El Gigante,Beta-171702,1930,60
La Canteada,UCLA-1992B,1700,125
La Canteada,UCLA-1992C,1050,220
Los Naranjos,GIF-1473,1700,100
Los Naranjos,GIF-1472,1530,100
Los Naranjos,GIF-1474,1500,100
Los Naranjos,GIF-1326,1260,90
Puerto Escondido,Beta-129135,2850,40
Puerto Escondido,Beta-129134,2830,40
Puerto Escondido,Beta-129126,2730,40
Puerto Escondido,Beta-129125,1530,40
Mexico/Guatemala,I-490,1425,120
Quirigua,P-3089,1970,50
Quirigua,P-3100,1970,50
Quirigua,P-3085,1830,170
Quirigua,P-3095,1800,50
Quirigua,P-3096,1730,50
Quirigua,P-2537,1580,190
Quirigua,P-2532,1490,50
Quirigua,P-3086,1450,50
Quirigua,P-3087,1440,40
Quirigua,P-2536,1400,50
Quirigua,P-3084,1310,40
Quirigua,P-3088,1290,40
Quirigua,P-2533,1150,50
Quirigua,P-2534,1140,50
Quirigua,P-2535,1130,180
Quirigua,P-2538,1100,170
Quirigua,P-3097,420,40
Balankanche,LJ-272,1090,200
Balankanche,LJ-273,1090,200
Chichen Itza,TBN-313-2,1350,70
Chichen Itza,TBN-313-3,1340,70
Chichen Itza,TBN-313-1,1170,70
Chichen Itza,Y-626,1169,70
Chichen Itza,LJ-87,1140,200
Chichen Itza,Beta-295911,1140,30
Ek Balam,Beta-228530,2460,40
Ek Balam,Beta-228529,2450,40
Ek Balam,Beta-230904,2310,40
Ek Balam,Beta-230905,2000,40
Xuenkal,AA86761,1214,41
Xuenkal,AA86758,1018,53
Xuenkal,AA86756,999,34
Xuenkal,AA86760,530,40
Xuenkal,AA86759,1222,70
Yaxuna,Beta-265025,2250,40
Isla Cancún,LJ-975,2580,130
Isla Cancún,LJ-GAP-68,2200,300
Isla Cancún,LJ-976,2080,150
Isla Cerritos,Beta-14084?,2040,80
Isla Cerritos,Beta-14081,1290,70
Isla Cerritos,Teledyne I-14244,1100,80
Isla Cerritos,Beta-14082,970,60
Isla Cerritos,Beta-14083,940,60
Aventura,UCLA-1938E,680,80
Caledonia,UCLA-1921F,1680,70
Altun Ha,P-1028,1544,62
Caye Coco,CAMS-64543,1160,50
Caye Coco,CAMS-62553,1070,50
Caye Coco,CAMS-64544,760,50
Cerros,SMU-774,2300,150
Cerros,SMU-904,2250,60
Cerros,SMU-775,2210,80
Cerros,SMU-881,2140,140
Cerros,Beta-188413,2060,60
Cerros,SMU-776,2010,40
Cerros,Beta-188415,2000,40
Cerros,Beta-188411,1960,40
Cerros,SMU-906,1960,60
Cerros,Beta-188412,1950,40
Cerros,Beta-188408,1920,40
Cerros,Beta-188406,1890,40
Chan Cahal,X27031,1536,59
Chan Cahal,X27028,1391,21
Chan Cahal,X27029,1334,46
Chan Cahal,X27030,1315,45
Chan Cahal,X27032,1294,44
Chan Cahal,X27033,1217,68
Chan Chen,UCLA-1921B,1865,55
Chan Chen,UCLA-1921D,1770,50
Chan Chen,UCLA-1921C,1580,60
Colhá,CAMS-8397,2780,60
Colhá,Tx-4060/4151,2680,50
Colhá,Tx-4062,2660,50
Colhá,TX-8295,2620,38
Colhá,Tx-6155,2600,70
Colhá,Tx-4061,2530,70
Colhá,Tx-3566,2530,50
Colhá,Tx-4152,2520,80
Colhá,Beta-8694,2510,80
Colhá,Tx-4467,2490,60
Colhá,Beta-8698,2480,110
Colhá,ML-8135-D,2347,58
Colhá,CAMS-263,2340,80
Colhá,CAMS-264,2310,10
Cuello,OxA-2166,2830,70
Cuello,Q-1903,2815,180
Cuello,Q-1918,2750,110
Cuello,Q-1917,2720,50
Cuello,OxA-1811,2700,90
Cuello,UCLA-2102E,2690,70
Cuello,AA-458,2650,130
Cuello,Q-1920,2595,60
Cuello,Q-1913,2560,40
Cuello,OxA-2017,2560,70
Cuello,Q-1914,2540,45
Cuello,LJ-4922,2520,70
Cuello,LJ-4923,2510,60
Cuello,LJ-4919,2490,70
Cuello,Q-1923,2480,60
Cuello,OxA-1810,2470,80
Cuello,Q-1912,2470,50
Cuello,LJ-4918,2470,70
Cuello,OxA-1653,2460,70
Cuello,Q-1911,2455,45
Cuello,Q-1902,2440,70
Cuello,LJ-4920,2420,70
Cuello,Q-1909,2420,45
Cuello,LJ-4917,2420,60
Cuello,Q-1928,2400,69
Cuello,Q-1924,2400,60
Cuello,OxA-362,2390,90
Cuello,OxA-2016,2390,70
Cuello,Q-1925,2380,60
Cuello,Q-1901,2375,150
Cuello,Q-1926,2325,60
Cuello,Q-1907,2315,50
Cuello,Q-1915,2305,45
Cuello,Q-1922,2300,70
Cuello,Q-1927,2290,60
Cuello,Q-3199,2280,55
Cuello,Q-3197,2275,50
Cuello,Q-3208,2265,36
Cuello,Q-3200,2260,45
Cuello,Q-2198,2255,55
Cuello,Q-3211,2250,50
Cuello,Q-1910,2250,45
Cuello,Q-1919,2250,60
Cuello,Q-3209,2235,50
Cuello,Q-3210,2230,55
Cuello,Q-1905,2195,60
Cuello,Q-1906,2195,50
Cuello,LJ-4916,2180,70
Cuello,Q-1930,2155,60
Cuello,Q-1904,2140,150
Cuello,Q-1929,2050,60
Cuello,Q-1900,2040,40
Cuello,OxA-2019,1650,70
Cuello,OxA-2018,1170,80
Cuello,I-7877A,1110,230
Cuello,OxA-1809,900,120
Cuello,OxA-1808,880,110
Hats Kaab,AA-100288,2206,41
Hats Kaab,AA-100287,1989,52
Hats Kaab,AA-100291,1949,39
Ka'Kabish,AA-92052,2554,66
Ka'Kabish,AA-96421,2449,37
Ka'Kabish,AA-96420,2447,37
Ka'Kabish,AA-100166,2393,52
K'axob,AA-14451,2609,49
K'axob,OxA-2724,2470,60
K'axob,OxA-2721,2470,60
K'axob,OxA-2723,2460,60
K'axob,AA-14447,2456,47
K'axob,AA-14454,2451,48
K'axob,AA-14452,2408,49
K'axob,OxA-2722,2390,60
K'axob,AA-14448,2299,48
K'axob,AA-14445,2247,53
K'axob,AA-14453,2169,55
K'axob,AA-14457,2121,51
K'axob,AA-14440,2073,58
K'axob,AA-14458,2058,47
K'axob,AA-14443,2056,52
K'axob,AA-14441,2010,48
Laguna de On,NSRL-3502,1280,50
Laguna de On,NSRL-3505,950,50
Laguna de On,NSRL-3509,900,50
Laguna de On,NSRL-3507,840,50
Laguna de On,NSRL-3501,830,60
Laguna de On,NSRL-3504,820,50
Laguna de On,NSRL-3508,700,50
Laguna de On,NSRL-3499,620,40
Laguna de On,NSRL-3500,360,40
Lamanai,GX-4659,1770,135
Lamanai,GX-4665,1710,125
Lamanai,GX-4671,1595,130
Lamanai,GX-4667,1510,130
Lamanai,GX-4672,1495,130
Lamanai,OxA-17971 (4),1423,25
Lamanai,OxA-17970 (3),1409,25
Lamanai,GX-4673,1385,185
Lamanai,OxA-17972 (5),1367,26
Lamanai,OxA-17969 (2),1312,25
Lamanai,OxA-17974 (7),1304,25
Lamanai,OxA-17975 (8),1297,25
Lamanai,OxA-17976 (9),1284,25
Lamanai,OxA-18019 (14),1282,26
Lamanai,OxA-18014 (10),1282,26
Lamanai,OxA-17973 (6),1280,24
Lamanai,OxA-18017 (13),1275,26
Lamanai,OxA-18016 (12),1260,26
Lamanai,GX-4662,1240,130
Lamanai,OxA-18020 (15),1240,26
Lamanai,GX-4664,1235,125
Lamanai,OxA-18015 (11),1206,26
Lamanai,GX-4669,1175,125
Lamanai,OxA-17968 (1),1050,24
Lamanai,GX-4670,1045,120
Lamanai,GX-4668,910,125
Lamanai,GX-4661,840,120
Lamanai,GX-4666,810,130
Lamanai,GX-4663,760,130
Nohmul,P-3077,1300,40
Patchchacan,UCLA-1938C,760,110
San Estevan,UCIAMS-17903,2565,25
San Estevan,UCIAMS-17902,1900,15
San Jose,UM-122,1010,50
Santa Rita Corozal,Beta-18071,1600,70
Santa Rita Corozal,Beta-18069,1580,100
Santa Rita Corozal,Beta-18079,930,110
Santa Rita Corozal,P-3076,880,190
Santa Rita Corozal,Beta-18068,780,70
Santa Rita Corozal,Beta-18082,730,70
Santa Rita Corozal,Beta-18083,710,70
Santa Rita Corozal,P-3075,700,50
Santa Rita Corozal,Beta-18081,660,80
Santa Rita Corozal,Beta-18078,610,60
Santa Rita Corozal,Beta-18076,530,60
Santa Rita Corozal,Beta-18080,490,100
Santa Rita Corozal,Beta-18087,330,70
Tiger Bay Cave,UCLA-1935A,780,60
Chunchucmil,?,1550,40
Dzibilchaltún,I-171,2270,80
Dzibilchaltún,LJ-279,2200,90
Dzibilchaltún,LJ-508,2130,200
Dzibilchaltún,LJ-531,1520,200
Dzibilchaltún,M-857,1500,200
Dzibilchaltún,W-707,1450,200
Mayapan,A-64975,1335,48
Mayapan,A-12785,960,40
Mayapan,A-12778,955,40
Mayapan,A-12793,930,30
Mayapan,A-12782,905,45
Mayapan,A-12777,845,40
Mayapan,A-12781,820,55
Mayapan,A-12804,760,35
Mayapan,A-12803,750,45
Mayapan,AA-64972,733,47
Mayapan,A-12807,715,30
Mayapan,GrN-452,700,115
Mayapan,A-12784,690,45
Mayapan,A-64974,679,50
Mayapan,A-12780,665,45
Mayapan,A-12798,660,40
Mayapan,A-12795,660,35
Mayapan,A-12787,660,40
Mayapan,A-12791,655,35
Mayapan,A-12788,655,40
Mayapan,A-13862,655,30
Mayapan,A-12783,650,100
Mayapan,A-12794,650,40
Mayapan,GrN-1166,640,55
Mayapan,A-12790,615,45
Mayapan,A-12779,595,40
Mayapan,A-12789,585,40
Mayapan,A-64973,570,46
Mayapan,A-12800,565,40
Mayapan,A-12797,520,60
Mayapan,A-13861,430,110
Mayapan,A-12776,425,45
Aguateca,AA-62420,2120,60
Aguateca,AA-62415,1330,35
Aguateca,AA-62416,1300,35
Aguateca,AA-62419,1275,60
Aguateca,AA-62417,1275,40
Aguateca,AA-62414,1190,35
Altar de Sacrificios,GX-163,2830,130
Altar de Sacrificios,GX-208,2725,80
Altar de Sacrificios,GX-172,2695,185
Altar de Sacrificios,GX-165,2450,120
Altar de Sacrificios,GX-164,2245,125
Altar de Sacrificios,GX-162,2195,164
Altar de Sacrificios,GX-171,1965,225
Altar de Sacrificios,GX-168,1845,110
Altar de Sacrificios,GX-166,1690,155
Altar de Sacrificios,GX-170,1275,115
Caobal,AA-80949,2542,41
Caobal,AA-80953,2487,53
Caobal,AA-80955,2451,44
Caobal,AA-80947,2394,49
Caobal,AA-80950,1925,47
Caobal,AA-80952,1825,47
Caobal,AA-80951,1761,44
Caobal,AA-80954,1292,45
Ceibal,PLD-22114,2840,20
Ceibal,PLD-22104,2825,20
Ceibal,PLD-24852,2821,24
Ceibal,PLD-22111,2815,20
Ceibal,PLD-22106,2815,20
Ceibal,AA-90449,2810,40
Ceibal,PLD-22108,2805,20
Ceibal,PLD-24855,2805,22
Ceibal,PLD-25074,2799,19
Ceibal,PLD-22105,2795,20
Ceibal,AA-95719,2785,40
Ceibal,AA-83917,2780,35
Ceibal,AA-95718,2765,40
Ceibal,PLD-22119,2760,20
Ceibal,PLD-25097,2750,38
Ceibal,AA-95721,2745,40
Ceibal,AA-95711,2740,40
Ceibal,AA-95710,2730,40
Ceibal,PLD-24854,2727,20
Ceibal,Poz-43390,2710,50
Ceibal,PLD-25099,2703,20
Ceibal,Poz-43396,2700,40
Ceibal,PLD-28792,2684,21
Ceibal,Poz-43393,2675,35
Ceibal,AA-83909,2670,35
Ceibal,AA-90440,2670,45
Ceibal,AA-83910,2655,35
Ceibal,Poz-43394,2650,35
Ceibal,PLD-25088,2626,30
Ceibal,Poz-43392,2625,35
Ceibal,UCLA-1437,2610,75
Ceibal,AA-83916,2605,35
Ceibal,PLD-22109,2590,20
Ceibal,AA-87606,2585,40
Ceibal,AA-90442,2575,35
Ceibal,AA-107125,2548,22
Ceibal,AA-107126,2540,22
Ceibal,PLD-22116,2535,20
Ceibal,PLD-22102,2535,20
Ceibal,AA-87601,2525,40
Ceibal,PLD-25087,2519,22
Ceibal,PLD-22120,2510,20
Ceibal,PLD-22121,2510,20
Ceibal,PLD-26824,2507,19
Ceibal,PLD-22117,2500,20
Ceibal,AA-107124,2496,25
Ceibal,AA-107122,2493,33
Ceibal,AA-107123,2492,25
Ceibal,AA-87600,2490,35
Ceibal,PLD-28785,2482,20
Ceibal,AA-83915,2480,40
Ceibal,AA-90443,2480,35
Ceibal,PLD-25078,2460,43
Ceibal,AA-107120,2458,23
Ceibal,AA-107127,2443,25
Ceibal,AA-87602,2440,55
Ceibal,PLD-28807,2435,20
Ceibal,AA-90445,2405,50
Ceibal,AA-87605,2394,87
Ceibal,AA-83919,2350,35
Ceibal,AA-87604,2317,37
Ceibal,AA-95717,2300,45
Ceibal,AA-107129,2282,22
Ceibal,PLD-28810,2260,19
Ceibal,AA-107121,2252,25
Ceibal,PLD-28805,2213,19
Ceibal,PLD-28808,2190,22
Ceibal,PLD-28809,2159,19
Ceibal,AA-107128,2145,30
Ceibal,AA-83918,2136,38
Ceibal,PLD-28789,2121,20
Ceibal,PLD-28776,2098,19
Ceibal,PLD-28790,2086,20
Ceibal,PLD-25076,2004,18
Ceibal,PLD-25090,1992,19
Ceibal,PLD-25093,1980,20
Ceibal,PLD-25094,1965,21
Ceibal,AA-90448,1952,37
Ceibal,PLD-25086,1950,19
Ceibal,PLD-28803,1950,20
Ceibal,PLD-24857,1947,20
Ceibal,AA-87595,1940,44
Ceibal,AA-95714,1937,37
Ceibal,AA-87607,1919,40
Ceibal,AA-87608,1873,61
Ceibal,PLD-28804,1856,19
Ceibal,PLD-25091,1846,19
Ceibal,PLD-28806,1800,19
Ceibal,AA-87597,1683,59
Ceibal,AA-107119,1631,24
Ceibal,PLD-28793,1601,20
Ceibal,AA-87596,1594,59
Ceibal,AA-95716,1549,45
Ceibal,UCLA-1640D,1490,320
Ceibal,PLD-25089,1489,27
Ceibal,PLD-28791,1456,19
Ceibal,PLD-28780,1454,19
Ceibal,UCLA-1640C,1420,100
Ceibal,PLD-28784,1311,19
Ceibal,PLD-28778,1295,19
Ceibal,PLD-28779,1294,19
Ceibal,AA-95715,1289,44
Ceibal,PLD-28786,1269,19
Ceibal,PLD-30284,1253,17
Ceibal,PLD-28783,1235,19
Ceibal,PLD-28787,1232,21
Ceibal,PLD-28777,1219,18
Ceibal,PLD-28781,1216,19
Ceibal,PLD-25092,1214,20
Ceibal,PLD-28788,1213,22
Ceibal,AA-87599,1212,37
Ceibal,AA-87598,1204,35
Ceibal,PLD-28782,1195,20
Ceibal,Poz-43399,1165,30
Ceibal,PLD-30288,1077,18
Ceibal,UCLA-1640A,1000,70
Ceibal,UCLA-1640B,940,40
Punta de Chimino,AA-67902,2468,38
Punta de Chimino,AA-60973,2211,51
Punta de Chimino,AA-66268,1871,43
Punta de Chimino,AA-66267,1756,41
Punta de Chimino,AA-66263,1634,53
Punta de Chimino,AA-66265,1613,45
Punta de Chimino,AA-67901,1582,37
Punta de Chimino,AA-66264,1568,45
Punta de Chimino,AA-66266,1273,50
Buenavista-Nuevo San Jose,AA72325,2493,34
Buenavista-Nuevo San Jose,AA72324,2500,35
Buenavista-Nuevo San Jose,AA72323,2467,35
Buenavista-Nuevo San Jose,AA75154,2449,34
Cenote,P-3062,1920,40
Topoxte,Bln-4742,407,37
Topoxte,Bln-4741A,384,41
Macanche,UM-1891,1105,90
Calakmul,AA74497,1441,60
Calakmul,AA74499,1233,52
Dos Aguadas,Beta-338042,2040,30
El Perú-Waka',Beta-239740,1800,40
El Perú-Waka',Beta-239739,1780,40
El Perú-Waka',Beta-239738,1710,40
El Perú-Waka',Beta-239735,1640,40
El Perú-Waka',Beta-239742,1250,40
Holmul,Beta-240206,2300,40
Holtun,AA105226,2504,31
Kinal,UM-124,1320,73
Las Quebradas,P-3108,1640,50
Naj Tunich,D29-1A,1590,160
Naj Tunich,D19-1A,1480,120
Naj Tunich,D82-1A,1380,80
Nakbe,UCLA-2849K,2790,40
Nakbe,UCLA-2849F,2780,65
Nakbe,UCLA-2830,2740,85
Nakbe,UCLA-2832,2650,55
Nakbe,UCLA-2835,2620,95
Nakbe,Beta-31756,2600,100
Nakbe,UCLA-2837,2600,45
Nakbe,Beta-31755,2580,50
Nakbe,UCLA-2833,2560,60
Nakbe,UCLA-2838,2555,60
Nakbe,Beta-104283,2490,60
Nakbe,Beta-104282,2480,50
Nakbe,Beta-104284,2460,40
Nakbe,Beta-31751,2400,80
Nakbe,UCLA-2849I,2340,50
Nakbe,UCLA-2849J,2320,50
San Bartolo,Beta-206624,2260,40
San Bartolo,Beta-206576,2260,40
San Bartolo,Beta-206577,2200,60
San Bartolo,Beta-206578,2180,40
San Bartolo,Beta-206575,2150,40
San Bartolo,Beta-193509,2140,40
San Bartolo,Beta-193512,2100,40
San Bartolo,Beta-193510,2070,40
San Bartolo,Beta-193513,2050,40
San Bartolo,Beta-193511,2050,50
San Felipe,Y-2416,1970,100
San Felipe,Y-2419,1430,100
San Felipe,Y-2418,1310,100
Tikal,P-750,2538,53
Tikal,P-759,2406,47
Tikal,P-755,2225,55
Tikal,P-751,2169,52
Tikal,P-752,2157,52
Tikal,P-286,2100,45
Tikal,P-288,2090,55
Tikal,P-560,2075,49
Tikal,P-753,2068,52
Tikal,P-756,2064,52
Tikal,P-289,2040,57
Tikal,P-298,2040,57
Tikal,P-758,2040,53
Tikal,P-754,2017,52
Tikal,P-287,2000,63
Tikal,P-285,1970,44
Tikal,P-561,1951,46
Tikal,P-535,1934,63
Tikal,P-757,1930,51
Tikal,P-565,1926,48
Tikal,P-562,1874,54
Tikal,P-768,1777,45
Tikal,P-295,1720,61
Tikal,P-296,1720,61
Tikal,P-571,1625,60
Tikal,P-284,1550,58
Tikal,P-965,1544,41
Tikal,P-281,1530,52
Tikal,ETH-44684,1460,15
Tikal,UCLA-1373C,1400,60
Tikal,P-956,1376,53
Tikal,UCLA-1373B,1370,50
Tikal,UCLA-158C,1366,60
Tikal,P-960A,1365,50
Tikal,P-950,1352,45
Tikal,P-294,1350,52
Tikal,P-293,1340,57
Tikal,UCLA-158A,1335,40
Tikal,UCLA-158D,1318,60
Tikal,P-282,1310,44
Tikal,P-569,1308,49
Tikal,UCLA-158B,1304,60
Tikal,UCLA-158E,1303,52
Tikal,P-230,1295,62
Tikal,P-574,1285,52
Tikal,P-570,1274,50
Tikal,P-247,1274,39
Tikal,P-234,1272,47
Tikal,P-237,1269,37
Tikal,P-947,1267,51
Tikal,P-251,1265,106
Tikal,P-236,1262,37
Tikal,UCLA-1373A,1250,50
Tikal,P-242,1237,37
Tikal,P-243,1232,45
Tikal,P-244,1222,45
Tikal,P-249,1216,37
Tikal,P-238,1207,36
Tikal,P-248,1201,37
Tikal,P-245,1193,29
Tikal,P-279,1180,55
Tikal,P-235,1163,28
Tikal,P-278,1150,47
Tikal,P-1197,999,40
Tikal,Y-392,770,40
Tikal,UCLA-159B,733,45
Tikal,UCLA-159A,692,40
Tikal,P-635,617,38
Tikal,P-637,609,39
Uaxactun,Y-367,1780,60
Uaxactun,Y-368,1330,70
Zacpeten,Beta-112318,540,30
Zacpeten,Beta-112316,500,50
Zacpeten,AA35236,426,30
Zacpeten,Beta-112317,370,30
Zacpeten,Beta-107791,200,40
Chac II,Beta-98319,1610,60
Chac II,Beta-114552,1580,60
Chac II,Beta-114549,1460,70
Chac II,Beta-148714,1430,40
Chac II,Beta-98323,1430,60
Chac II,Beta-122986,1330,50
Chac II,Beta-114548,1330,50
Chac II,Beta-114546,1330,50
Chac II,Beta-148715,1310,40
Chac II,Beta-159364,1300,50
Chac II,Beta-159360,1290,40
Chac II,Beta-148713,1260,40
Chac II,Beta-114547,1250,50
Chac II,Beta-98322,1250,60
Chac II,Beta-122987,1230,50
Chac II,Beta-134760,1220,40
Chac II,Beta-98318,1190,100
Chac II,Beta-134762,1190,40
Chac II,Beta-134759,1160,40
Chac II,Beta-91914,1120,60
Chac II,Beta-91913,1100,60
Chac II,Beta-148716,880,140
Chac II,Beta-148721,820,40
Chichen Itza,UCLA-1706,1135,60
Huntichmul,Ham 2728,1280,50
Kabah,INAH-1026,1060,35
Mayapan,GRO-452,700,95
Mayapan,GRO-1166,400,55
Sayil,IVIC-484,1230,60
Sayil,Wis-144,1100,70
Uxmal,Erl-1316,1565,65
Uxmal,Erl-1323,1403,34
Uxmal,Y-627,1390,50
Uxmal,GrN-485,1210,60
Uxmal,IVIC-485,1210,60
Uxmal,Erl-1319,1175,34
Uxmal,GrN-613,1065,120
Uxmal,GRO-613,1065,100
Xcoch,NOSAMS 84310,2590,30
Xcoch,NOSAMS 78760,2570,25
Xcoch,NOSAMS 78758,2560,25
Xcoch,NOSAMS 78757,2550,30
Xcoch,NOSAMS 78756,2520,30
Xcoch,NOSAMS 84309,2520,30
Xcoch,NOSAMS 78764,2490,30
Xcoch,NOSAMS 84304,2040,25
Xcoch,NOSAMS 84303,1750,45
Xcoch,NOSAMS 78754,1460,25
Xcoch,NOSAMS 78766,1420,30
Xcoch,NOSAMS 84307,1280,30
Xcoch,NOSAMS 84311,1250,25
Xcoch,NOSAMS 84313,645,25
Xcoch,NOSAMS 78765,625,25
Xcoch,NOSAMS 84314,525,30
Xcoch,NOSAMS 84315,385,30
Xkipché,Erl-1141,1667,48
Xkipché,Erl-1344,1538,97
Xkipché,Erl-1104,1423,46
Xkipché,Erl-1139,1387,71
Xkipché,Erl-1112,1289,42
Xkipché,Erl-1140,1268,46
Xkipché,Erl-1342,1232,32
Xkipché,Erl-1312,1224,50
Xkipché,Erl-1315,1200,38
Xkipché,Erl-1310,1186,52
Xkipché,Erl-1340,1172,34
Xkipché,Erl-1343,1135,43
Xkipché,Erl-1329,1106,46
Xkipché,OxA-7655,1105,40
Xkipché,Erl-1331,1036,47
Xkipché,Erl-1102,771,47
Xkipché,Erl-1095,435,38
Sta Rosa,GRN-1932,1990,65
Sta Rosa,GRN-1916,1845,50
El Tigre,P-1625,1670,49
Chabil Eke Ukal,AA35235,585,45
Chabil Ukal,AA35234,880,40
Ek Xux,AA40674,1445,41
Ek Xux,AA45743,1402,43
Ek Xux,AA40687,1363,36
Ek Xux,AA45749,1267,52
Ek Xux,AA45748,1246,40
Ek Xux,AA45747,1233,40
Ek Xux,AA45744,998,39
Ek Xux,AA45752,995,44
Ek Xux,AA44452,499,39
Kabil Sakunak,AA40673,1504,41
Kaq’ru’ Ha’,AA45750,2780,210
Kaq’ru’ Ha’,AA40672,1685,41
Kaq’ru’ Ha’,Beta-381577,1310,30
Kaq’ru’ Ha’,AA40692,1309,35
Kayuko Naj Tunich,UCIAMS-42799,1750,15
Kayuko Naj Tunich,UCIAMS-46295,1750,25
Kayuko Naj Tunich,UCIAMS-42803,1710,15
Kayuko Naj Tunich,UCIAMS-42801,1585,15
Kayuko Naj Tunich,UCIAMS-42804,1510,15
Kayuko Naj Tunich,UCIAMS-42800,1505,15
Kayuko Naj Tunich,UA X27781,1458,55
Kayuko Naj Tunich,UA X27782,1381,55
Kayuko Naj Tunich,Beta-381576,1340,30
Mayahak Kab Pek,UCIAMS-33402,1845,20
Mayahak Kab Pek,UCIAMS-42802,1785,15
Mohibal Kanchi,UCIAMS-46296,1855,25
Pohtzil Kab Pek,AA40678,1682,42
Port Honduras,AA40679,2149,40
Port Honduras,AA40689,1344,35
Port Honduras,AA40693,1276,35
Port Honduras,Beta-9095,1200,80
Port Honduras,Beta-69869,1180,50
Saki Tzul,Beta-9425,1510,60
Toqbil Roqikal,Beta-9094,1510,60
Uxbenka,UCIAMS-57042,1960,20
Uxbenka,UCIAMS-56360,1840,15
Uxbenka,UCIAMS-67955,1830,15
Uxbenka,UCIAMS-56358,1810,15
Uxbenka,UCIAMS-67960,1800,20
Uxbenka,UCIAMS-33400,1790,25
Uxbenka,UCIAMS-56359,1780,15
Uxbenka,UCIAMS-105422,1780,20
Uxbenka,UCIAMS-87895,1775,20
Uxbenka,UCIAMS-67238,1775,20
Uxbenka,UCIAMS-42824,1775,15
Uxbenka,UCIAMS-33404,1775,20
Uxbenka,UCIAMS-105386,1770,15
Uxbenka,UCIAMS-56362,1770,15
Uxbenka,UCIAMS-56369,1760,15
Uxbenka,UCIAMS-105418,1760,20
Uxbenka,UCIAMS-46297,1755,25
Uxbenka,UCIAMS-56361,1755,15
Uxbenka,UCIAMS-67961,1750,20
Uxbenka,UCIAMS-57044,1745,15
Uxbenka,UCIAMS-56371,1735,15
Uxbenka,UCIAMS-56370,1730,15
Uxbenka,UCIAMS-105423,1730,20
Uxbenka,UCIAMS-42806,1725,15
Uxbenka,UCIAMS-56365,1725,15
Uxbenka,UCIAMS-42808,1725,15
Uxbenka,UCIAMS-105384,1720,15
Uxbenka,UCIAMS-42807,1720,15
Uxbenka,UCIAMS-33403,1720,25
Uxbenka,UCIAMS-67959,1710,15
Uxbenka,UCIAMS-42805,1700,15
Uxbenka,UCIAMS-67239,1695,20
Uxbenka,DAMS-002429,1688,28
Uxbenka,DAMS-003019,1687,25
Uxbenka,UCIAMS-46299,1675,25
Uxbenka,UCIAMS-56367,1635,15
Uxbenka,UCIAMS-33401,1635,20
Uxbenka,UCIAMS-91204,1625,15
Uxbenka,UCIAMS-105388,1605,15
Uxbenka,UCIAMS-56368,1585,15
Uxbenka,UCIAMS-46298,1585,25
Uxbenka,UCIAMS-87168,1580,15
Uxbenka,UCIAMS-87167,1575,15
Uxbenka,UCIAMS-67958,1565,15
Uxbenka,Beta-9426,1540,60
Uxbenka,UCIAMS-105417,1525,20
Uxbenka,UCIAMS-57043,1485,15
Uxbenka,UCIAMS-105419,1485,20
Uxbenka,UCIAMS-67954,1465,15
Uxbenka,UCIAMS-67237,1440,20
Uxbenka,UCIAMS-87159,1380,15
Uxbenka,UCIAMS-42810,1365,15
Uxbenka,UCIAMS-67957,1345,15
Uxbenka,UCIAMS-105425,1320,20
Uxbenka,UCIAMS-56364,1315,15
Uxbenka,AA40696,1306,38
Uxbenka,DAMS-003026,1299,25
Uxbenka,UCIAMS-105379,1290,15
Uxbenka,UCIAMS-42811,1275,15
Uxbenka,UCIAMS-102521,1250,15
Uxbenka,UCIAMS-105396,1245,15
Uxbenka,UCIAMS-105413,1235,20
Uxbenka,UCIAMS-67965,1225,15
Uxbenka,UCIAMS-105380,1220,15
Uxbenka,UCIAMS-105416,1215,15
Uxbenka,UCIAMS-105395,1215,15
Uxbenka,UCIAMS-105394,1210,20
Uxbenka,UCIAMS-105420,1205,20
Uxbenka,AA40691,1127,35
Caracol,Beta-43519,2070,60
Caracol,Beta-42004,2020,60
Caracol,Beta-18060,1980,80
Caracol,RL-1425,1930,110
Caracol,Beta-18059,1920,140
Caracol,Beta-61209,1900,50
Caracol,Beta-18061,1870,90
Caracol,Beta-18055,1720,110
Caracol,RL-1424,1560,150
Caracol,Beta-18062,1340,60
Caracol,Beta-18054,1320,110
Caracol,Beta-18056,1310,50
Caracol,Beta-18063,1240,100
Caracol,Beta-18051,1220,70
Caracol,RL-1423,1160,110
Caracol,Beta-18065,1160,70
Caracol,Beta-18053,830,120
Las Cuevas,BM-37,920,150
Minanha,Beta-281082,2010,40
Minanha,Beta-281100,1990,40
Minanha,Beta-254852,1780,40
Minanha,Beta-254850,1770,50
Minanha,Beta-281104,1650,40
Minanha,Beta-299547,1600,30
Minanha,Beta-254846,1590,40
Minanha,Beta-281089,1570,40
Minanha,Beta-281096,1540,40
Minanha,Beta-254844,1530,40
Minanha,Beta-254847,1520,40
Minanha,Beta-281093,1490,40
Minanha,Beta-281094,1490,40
Minanha,Beta-281080,1460,40
Minanha,Beta-281095,1460,40
Minanha,Beta-299546,1410,30
Minanha,Beta-281085,1410,40
Minanha,Beta-281091,1270,40
Minanha,Beta-281086,1250,40
Minanha,Beta-254851,1200,40
Minanha,Beta-254849,1190,40
Minanha,Beta-281090,1170,40
Minanha,Beta-281084,1170,40
Minanha,Beta-281087,1160,40
Minanha,Beta-281105,1150,40
Minanha,Beta-254845,1090,40
Minanha,Beta-281103,1080,40
Minanha,Beta-254848,1050,40
Minanha,Beta-281102,1030,40
Minanha,Beta-281101,1010,40
Minanha,Beta-281099,1000,40
Minanha,Beta-241847,870,40
Rio Frio Cave,BM-67,1120,150
El Naranjal,UCR-3543B/ CAMS-35432,1740,50
T'isil,AA83658,1973,31
T'isil,AA75231,1931,45
T'isil,AA75230,1920,45
T'isil,AA75236,1732,44
T'isil,AA75224,1042,43
T'isil,AA75235,971,41
T'isil,AA75237,680,41
T'isil,AA83656,677,42
T'isil,AA75233,662,41
T'isil,AA75227,642,41
T'isil,AA75234,624,41
T'isil,AA75223,387,42
T'isil,AA75221,384,43
T'isil,AA83657,382,27
T'isil,AA75225,372,41
T'isil,AA75222,372,49
T'isil,AA75232,338,40
Aguada Fenix,TKA-20613,2772,23
Aguada Fenix,TKA-20614,2746,23
Aguada Fenix,TKA-20615,2750,23
Aguada Fenix,TKA-20616,2782,26
Aguada Fenix,TKA-20617,2751,24
Aguada Fenix,TKA-20618,2775,23
Aguada Fenix,TKA-20620,2701,26
Aguada Fenix,TKA-20621,2743,23
Aguada Fenix,TKA-20622,2832,23
Aguada Fenix,TKA-20623,2848,24
Aguada Fenix,TKA-20625,2848,23
Aguada Fenix,TKA-20632,2753,23
Aguada Fenix,TKA-20633,2785,23
Aguada Fenix,TKA-20634,2055,22
Aguada Fenix,TKA-20635,2835,25
Aguada Fenix,TKA-20636,2838,23
Aguada Fenix,TKA-20637,2845,23
Aguada Fenix,TKA-20668,2805,21
Aguada Fenix,TKA-20669,2834,20
Aguada Fenix,TKA-20673,2730,20
Aguada Fenix,TKA-20674,2718,20
Aguada Fenix,TKA-20676,2677,20
Aguada Fenix,TKA-20678,2689,21
Aguada Fenix,TKA-20680,2726,20
Aguada Fenix,TKA-21323,2742,19
Aguada Fenix,TKA-21324,2717,19
Aguada Fenix,TKA-21325,2742,20
Aguada Fenix,TKA-21326,2809,19
Aguada Fenix,TKA-21327,2847,19
Aguada Fenix,TKA-21328,2519,19
Aguada Fenix,TKA-21329,2678,19
Aguada Fenix,TKA-21331,2481,19
Aguada Fenix,TKA-21332,2508,20
Aguada Fenix,TKA-21333,2733,20
Aguada Fenix,TKA-21338,2718,19
Aguada Fenix,TKA-21340,2817,19
Aguada Fenix,TKA-21365,1242,25
Aguada Fenix,TKA-21366,2728,24
Aguada Fenix,TKA-21367,2772,24
Aguada Fenix,TKA-21368,2800,22
Aguada Fenix,TKA-21369,2781,25
Cahal Pech,PSUAMS-6764,2800,20
Cahal Pech,PSUAMS-6755,2785,20
Cahal Pech,PSUAMS-5862,2425,20
Cahal Pech,PSUAMS-6763,2465,20
Cahal Pech,PSUAMS-6762,2165,20
Cahal Pech,PSUAMS-6761,2395,20
Mayahak Cab Pek,UCIAMS-156914,2270,15
Mayahak Cab Pek,UCIAMS-186361,1290,20
Mayahak Cab Pek,PSUAMS-2145,1300,25
Mayahak Cab Pek,UCIAMS-228032,2650,30
Mayahak Cab Pek,PSUAMS-2149,1660,20
Saki Tzul,PSUAMS-3714,1235,20
Saki Tzul,PSUAMS-3609,1260,20
Saki Tzul,PSUAMS-3715,1620,20
Saki Tzul,PSUAMS-2146,1195,20
Saki Tzul,UCIAMS-228021,1585,25
Saki Tzul,PSUAMS-2147,1480,20
Saki Tzul,PSUAMS-5124,1530,20
Saki Tzul,UCIAMS-228034,1595,15
Saki Tzul,PSUAMS-4577,1550,15
Saki Tzul,PSUAMS-4578,1640,15
Saki Tzul,PSUAMS-4579,1530,20
Saki Tzul,PSUAMS-5128,1510,15
Saki Tzul,UCIAMS-228031,1635,25
Saki Tzul,PSUAMS-5895,1235,15
Saki Tzul,UCIAMS-228028,1375,25
Saki Tzul,PSUAMS-5898,1335,15
Cerros,Beta-347319,1970,30
Cerros,Beta-347320,2080,30
Cerros,Beta-389033,1990,30
Cerros,Beta-389034,2010,30
Cerros,Beta-389036,1920,30
Cerros,Beta-389038,1940,30
Cerros,Beta-389039,1950,30
Cerros,Beta-389040,1930,30
Cerros,Beta-398116,2030,30
Cerros,Beta-398117,1990,30
Cahal Pech,PSUAMS-5855,1980,25
Cahal Pech,PSUAMS-6759,1920,20
Cahal Pech,PSUAMS-5857,2475,20
Cahal Pech,PSUAMS-6760,2480,20
Nixtun-Ch’ich’,AA106865,2457,24
Nixtun-Ch’ich’,AA107441,2492,24
Nixtun-Ch’ich’,AA107442,2472,24
Nixtun-Ch’ich’,AA107440,2532,31
Nixtun-Ch’ich’,AA107489,2515,27
Noh K'uh,X22649A,2128,37
Noh K'uh,X22650A,2193,37
Noh K'uh,X22651,2186,37
Noh K'uh,X22652A,2098,37
Noh K'uh,X22656,2079,36
Noh K'uh,X22658A,2103,36
Noh K'uh,X22659,2150,36
Noh K'uh,X22660,2309,37
Noh K'uh,X22661A,2250,37
El Palmar,YU‐4695,1791,24
El Palmar,YU‐4124,1286,20
El Palmar,YU‐4101,1474,21
El Palmar,YU‐4102,1259,20
El Palmar,YU‐4081,1279,20
El Palmar,YU‐4676,1270,22
El Palmar,YU‐4681,1283,21
El Palmar,YU‐4641,1205,20
El Palmar,YU‐4683,1429,20
El Palmar,YU‐4690,1477,22
El Palmar,YU‐4675,1428,21
El Palmar,YU‐4680,2425,22
El Palmar,YU‐4684,1209,20
El Palmar,YU‐4682,1513,21
El Palmar,YU‐4674,1215,24
El Palmar,YU‐4691,1410,21
El Palmar,YU‐4672,1326,21
El Palmar,YU‐4103,1308,20
El Palmar,YU‐4080,1332,20
El Palmar,YU‐4671,1438,20
El Palmar,YU‐4131,1763,20
El Palmar,YU‐4079,1357,20
El Palmar,YU‐4084,1806,20
El Palmar,YU‐4082,1570,20
El Palmar,YU‐4133,1748,23
El Palmar,YU‐4116,2009,20
El Palmar,YU‐4112,1789,20
El Palmar,YU‐4138,1775,20
El Palmar,YU‐4134,1613,20
El Palmar,YU‐4129,1184,20
El Palmar,YU‐4117,1771,20
El Palmar,YU‐4106,1249,20
El Palmar,YU‐4110,1248,20
El Palmar,YU‐4109,1765,20
El Palmar,YU‐4132,1743,20
El Palmar,YU‐4115,1757,20
El Palmar,YU‐4113,1872,20
El Palmar,YU‐4093,1226,20
El Palmar,YU‐4092,1326,21
El Palmar,YU‐4085,1294,20
