"wd_netc","mae_netc","wd_spd","mae_spd","n_years","n_samples","n_clusters","tau","w_prec"
32.0994467817112,65.023,29.0313978976226,61.03684,499,50,3,0.5,1
31.3157092823499,61.82848,42.1374176941945,71.91944,1999,50,3,0.5,1
147.576225045491,110.09664,130.663537255701,118.15742,4999,50,3,0.5,1
80.5336002496782,132.14512,47.1150886199676,169.199392,499,250,3,0.5,1
88.658080873913,121.141416,62.6305337054395,122.230444,1999,250,3,0.5,1
55.8857572753074,57.90334,64.4529717932996,58.160368,4999,250,3,0.5,1
19.9695434055639,50.2424536,29.6245215065136,58.7285136,499,1250,3,0.5,1
70.5739905807145,74.5665304,60.2525757388265,100.2805936,1999,1250,3,0.5,1
86.2696278148157,75.324184,20.3350410865919,77.2676512,4999,1250,3,0.5,1
20.6260088184041,34.40514,22.0250807991136,37.21344,499,50,6,0.5,1
56.6885294360832,120.47794,68.9647813115425,133.65124,1999,50,6,0.5,1
248.551254995573,258.20708,236.648205892421,286.74816,4999,50,6,0.5,1
22.6042416383553,109.913548,30.3579588580494,117.167724,499,250,6,0.5,1
56.5463212889806,245.087808,67.8425695041157,271.007668,1999,250,6,0.5,1
107.649071971306,54.5677,197.315709975516,55.09418,4999,250,6,0.5,1
9.62108690413659,75.0824512,16.7008135044862,81.7317416,499,1250,6,0.5,1
41.8892122805734,138.1976784,47.2394374564118,160.2670928,1999,1250,6,0.5,1
76.8448393625489,74.7620808,21.7674135119785,76.3316808,4999,1250,6,0.5,1
46.3364685729352,64.96676,35.6907465637627,72.79278,499,50,9,0.5,1
85.9364616303881,54.24708,141.188135401275,55.70826,1999,50,9,0.5,1
106.772057359786,125.06174,186.114242677092,148.90988,4999,50,9,0.5,1
7.66358837575999,38.493788,9.50011116350237,40.178572,499,250,9,0.5,1
48.7858638882371,139.171296,71.8490795420499,148.466428,1999,250,9,0.5,1
75.2924917762736,86.010916,75.674339093173,86.9166,4999,250,9,0.5,1
9.12817565848001,47.7951824,11.0790516795511,51.5244768,499,1250,9,0.5,1
40.1413988910615,128.4410032,23.222234773371,139.6408248,1999,1250,9,0.5,1
77.3060425886648,154.0547432,71.622952169785,160.3914256,4999,1250,9,0.5,1
25.300835506827,50.38194,28.2049979338017,56.56956,499,50,3,1,1
168.922415466797,236.17504,127.314105155028,265.13232,1999,50,3,1,1
188.951213570308,89.24024,178.457575370153,99.1233,4999,50,3,1,1
45.9076954202125,106.552916,52.2613156869009,137.65318,499,250,3,1,1
49.1956373961954,45.149732,36.4680720805431,52.098088,1999,250,3,1,1
67.5184976513362,67.798072,47.2935328820568,75.039,4999,250,3,1,1
10.5356478665877,32.7899192,23.5253718803836,43.0716224,499,1250,3,1,1
18.5722344607366,60.6125432,39.5702646171208,78.4310864,1999,1250,3,1,1
24.4711981836549,97.538484,35.0457176163779,102.8514648,4999,1250,3,1,1
25.912583459999,96.85374,28.7524189514346,111.65906,499,50,6,1,1
50.9344542772921,50.25874,59.6096889923532,53.31168,1999,50,6,1,1
230.339437141421,189.1037,254.748481106969,199.14316,4999,50,6,1,1
20.2821412110229,43.777728,29.183077408211,51.8978,499,250,6,1,1
33.8801915190745,86.420996,31.095250927027,91.370012,1999,250,6,1,1
82.0463242180955,167.559604,84.3376216695988,180.1684,4999,250,6,1,1
11.7237861191047,68.1956408,21.6432957333661,77.121644,499,1250,6,1,1
30.7708591319984,164.1422912,66.4892204205802,196.2442824,1999,1250,6,1,1
42.0690590966674,90.3158872,42.7813571877388,96.3134888,4999,1250,6,1,1
48.0663447967346,141.755,15.2307631185423,133.99952,499,50,9,1,1
103.028889107036,106.44852,103.691355631812,118.3184,1999,50,9,1,1
140.532111278681,150.47902,132.00656657789,156.46228,4999,50,9,1,1
13.6614431373823,57.327148,10.1562057301639,61.19766,499,250,9,1,1
21.9447291474254,94.320388,30.668117671183,102.104424,1999,250,9,1,1
226.244334284403,212.84012,231.463810782549,227.485084,4999,250,9,1,1
15.1924961750188,109.9320472,35.5941689949563,128.4805224,499,1250,9,1,1
19.1537860542606,117.9979416,33.2080243600282,129.9192792,1999,1250,9,1,1
83.6744307915423,84.4702744,67.7316393596425,88.90576,4999,1250,9,1,1
20.667319593386,76.66736,20.9810076924732,82.78602,499,50,3,3,1
32.5245991879269,40.56828,30.0326111222831,43.56178,1999,50,3,3,1
188.068641519365,91.39636,179.80130657884,105.95746,4999,50,3,3,1
32.6182443968214,109.68244,54.8036588110401,124.4864,499,250,3,3,1
83.2547011167131,228.233188,121.923888937274,262.718476,1999,250,3,3,1
80.631996788466,101.595388,121.442836536417,134.569388,4999,250,3,3,1
17.4520114285627,43.6438688,26.9825327059602,52.931988,499,1250,3,3,1
20.6849303122791,112.6294792,78.4608934921937,157.2371248,1999,1250,3,3,1
58.0025888640711,60.6469736,48.4449184216207,61.6285888,4999,1250,3,3,1
92.2522727617675,158.39096,35.7008040263108,172.76854,499,50,6,3,1
93.6062425785402,74.3665,102.289997325682,81.0789,1999,50,6,3,1
110.443243354913,267.27884,79.2368230511323,324.41612,4999,50,6,3,1
10.6670025279103,49.34346,11.9242293756353,52.116832,499,250,6,3,1
61.8702765996999,181.725592,132.986747113672,261.150328,1999,250,6,3,1
123.580853020538,110.322388,98.688090361367,114.042208,4999,250,6,3,1
18.4806079492809,101.7199136,47.1049533129709,137.1523712,499,1250,6,3,1
51.2948508049105,208.2896496,91.8526953990839,235.4143856,1999,1250,6,3,1
61.6842080370627,165.3156168,39.1160558847573,176.2063416,4999,1250,6,3,1
56.8261061689875,109.60936,32.6820536133606,117.07932,499,50,9,3,1
65.743136068902,129.98672,60.8638548479477,135.00322,1999,50,9,3,1
177.700640789819,75.0361,164.730987698025,76.41514,4999,50,9,3,1
8.48974715270698,47.168376,10.4011189851145,50.993288,499,250,9,3,1
33.5255217403787,93.58434,41.1981920766824,98.155656,1999,250,9,3,1
70.7332408788079,81.607864,72.6360416092438,84.266036,4999,250,9,3,1
44.6770364252131,117.029624,31.9556576525931,118.5947064,499,1250,9,3,1
23.111086986054,104.5733104,26.5985464329336,109.1428968,1999,1250,9,3,1
77.4119659560115,86.6675256,27.53166902232,88.2165984,4999,1250,9,3,1
22.903937763563,59.22686,27.8149660418122,70.32896,499,50,3,0.5,3
61.8567788746752,73.58502,66.7764846663486,88.25826,1999,50,3,0.5,3
133.738248116211,145.35564,180.864546381277,154.97234,4999,50,3,0.5,3
21.7645583744765,51.390228,30.8802550092176,60.970328,499,250,3,0.5,3
41.2836976791907,78.944876,47.5259471276522,87.373388,1999,250,3,0.5,3
37.0229025680329,50.023264,44.5926894081496,51.997216,4999,250,3,0.5,3
14.3417726628328,47.3160264,26.4073942700331,56.2280248,499,1250,3,0.5,3
42.8339821529586,138.6946728,94.8490981159029,187.2684512,1999,1250,3,0.5,3
35.3792821531077,102.2431672,28.0210952791105,107.7366632,4999,1250,3,0.5,3
14.8880672173791,83.13302,27.8152872982958,98.04634,499,50,6,0.5,3
132.371858284651,96.28286,133.408586187639,107.63018,1999,50,6,0.5,3
141.88618461611,90.10404,170.050341825389,93.39756,4999,50,6,0.5,3
13.471604532749,70.430712,15.0695935860327,74.973596,499,250,6,0.5,3
121.874889586234,164.6585,116.841360348743,185.021096,1999,250,6,0.5,3
154.041515871274,88.728252,39.2415792355823,91.83406,4999,250,6,0.5,3
13.9225662104822,58.2399624,10.3984009421119,61.9189824,499,1250,6,0.5,3
35.2195003185504,126.684412,24.7624745975586,134.2978064,1999,1250,6,0.5,3
99.7933311777647,163.1230672,40.3021571701651,171.9652592,4999,1250,6,0.5,3
13.2809433193956,36.0531,23.4860353214434,42.87866,499,50,9,0.5,3
39.6631135014368,58.5923,46.792376945942,59.7689,1999,50,9,0.5,3
385.968101714109,194.74692,320.025855630242,201.26344,4999,50,9,0.5,3
24.8566124577121,96.968224,18.1520599604226,108.61878,499,250,9,0.5,3
49.1289307116947,58.250004,41.3311578119266,60.604296,1999,250,9,0.5,3
59.0364126579536,106.001028,43.4056529806702,106.901216,4999,250,9,0.5,3
12.661886648027,50.4447112,11.5573002862,53.4002552,499,1250,9,0.5,3
29.6028529297118,92.8414192,17.8898187644351,97.7024288,1999,1250,9,0.5,3
40.0766265830188,143.1272376,56.0111461455456,154.1489512,4999,1250,9,0.5,3
109.902037223758,124.55724,63.1800749836978,144.19626,499,50,3,1,3
63.7081896010925,63.39732,45.8158692440942,77.58978,1999,50,3,1,3
70.7057836915573,165.752,99.7860908226738,202.58382,4999,50,3,1,3
32.0498895050549,95.4185,57.5258128962133,114.853784,499,250,3,1,3
56.2542964080468,118.833672,41.0020315548684,127.644796,1999,250,3,1,3
59.802538312097,84.975192,65.0406462970727,89.074896,4999,250,3,1,3
14.75096949365,45.0628328,32.5403781946165,62.0817648,499,1250,3,1,3
40.5612028938908,39.6815136,47.2568257366703,41.6621968,1999,1250,3,1,3
49.685151175833,142.192244,62.153653279076,152.6977048,4999,1250,3,1,3
62.3628542956692,102.47386,33.9904094583184,124.13146,499,50,6,1,3
60.8045374352579,90.75052,65.4594495208809,89.5007,1999,50,6,1,3
155.551711489949,106.31232,177.455896428962,99.0357,4999,50,6,1,3
15.0445342301924,76.429912,20.6944073921329,84.895392,499,250,6,1,3
38.2829069125026,67.346084,42.2455210621129,70.241912,1999,250,6,1,3
114.751513280211,66.878088,77.9319491350852,68.500844,4999,250,6,1,3
31.2248035334951,74.8622336,26.4782735027408,79.2544336,499,1250,6,1,3
62.0323972798524,77.6312904,30.1255265341543,81.3915408,1999,1250,6,1,3
79.3692775110064,176.4974416,59.7981188709173,193.5433392,4999,1250,6,1,3
13.2300985280144,55.23416,17.7461130989824,57.60938,499,50,9,1,3
41.8947968034466,85.6021,49.9296394728389,90.62858,1999,50,9,1,3
100.716438242641,172.40222,96.2087611594186,197.71074,4999,50,9,1,3
14.5171228555908,82.878276,15.7636834765896,87.350188,499,250,9,1,3
35.7424788428739,79.720504,29.380286016499,83.419564,1999,250,9,1,3
88.7841057750559,143.715808,139.025396705333,148.394764,4999,250,9,1,3
7.88814429891112,82.95496,8.77577460441401,88.5093776,499,1250,9,1,3
33.1361722073466,71.2533568,22.7750567973715,73.7147552,1999,1250,9,1,3
48.1442193496452,88.3010984,90.8902493106104,94.1119272,4999,1250,9,1,3
28.9434551726856,59.78432,31.1877518483072,66.40128,499,50,3,3,3
74.9178017105767,105.54718,108.637272523981,144.37278,1999,50,3,3,3
160.43592190621,55.29782,147.879316860883,57.80342,4999,50,3,3,3
26.1985070627414,66.87828,42.3065374354521,77.95568,499,250,3,3,3
31.8419605111319,101.068464,83.4184170532518,146.38168,1999,250,3,3,3
82.5712126324154,76.005836,106.240948727088,78.812244,4999,250,3,3,3
47.127782851533,86.7062632,69.9762350540555,138.2996824,499,1250,3,3,3
17.0953222330683,73.3906088,69.5956291842145,119.7985624,1999,1250,3,3,3
109.926524843791,94.0394856,70.5036411285229,100.6555952,4999,1250,3,3,3
23.6190028630612,92.18766,23.7019326430618,101.2597,499,50,6,3,3
97.4450143402738,80.15166,109.892625048607,91.30508,1999,50,6,3,3
152.534008617125,137.31794,142.205710682739,135.65348,4999,50,6,3,3
11.1320049020353,40.61304,12.7355706900153,43.639312,499,250,6,3,3
24.1662391730557,80.37308,29.582962760298,85.072148,1999,250,6,3,3
96.8233052007284,62.12326,80.5035007719345,63.499196,4999,250,6,3,3
22.9830413773827,67.322476,19.3657603636772,72.9135544,499,1250,6,3,3
20.350735704905,95.5886744,20.5354616031007,99.856856,1999,1250,6,3,3
33.0461587564317,176.3663176,45.8462030814573,191.361712,4999,1250,6,3,3
22.7809709583733,89.18082,19.9903333310333,97.22168,499,50,9,3,3
47.7066591727173,104.8539,34.4803188768542,117.03306,1999,50,9,3,3
89.203368947099,223.53508,66.121833852191,237.7907,4999,50,9,3,3
24.4863215834373,76.064168,42.9689204115501,83.740272,499,250,9,3,3
97.1983842947705,260.448832,72.2444814665193,297.762528,1999,250,9,3,3
63.9676327193085,179.8054,94.1912763674409,195.942372,4999,250,9,3,3
5.64161382940046,62.3708016,7.93416193111503,66.489044,499,1250,9,3,3
20.5233437430995,94.0108464,25.9828262059476,102.202168,1999,1250,9,3,3
29.5120337190302,87.174852,32.3437852354926,88.7412272,4999,1250,9,3,3
25.109224622914,79.75426,61.8288365261191,111.13164,499,50,3,0.5,5
63.7671883514059,73.88028,67.6189319625816,101.25274,1999,50,3,0.5,5
252.070287318837,156.45916,199.62195814037,162.31734,4999,50,3,0.5,5
17.0696757611874,30.667876,14.6049721022193,35.497816,499,250,3,0.5,5
31.3525254511932,62.582532,37.4735160051804,80.61128,1999,250,3,0.5,5
85.7404440150793,67.542532,106.520572809129,70.663208,4999,250,3,0.5,5
20.775989290567,70.790012,59.2850983591048,104.024636,499,1250,3,0.5,5
19.0932222974403,43.4875544,17.5911163108918,46.917888,1999,1250,3,0.5,5
78.6493061562641,241.1923328,102.698479462181,295.8841856,4999,1250,3,0.5,5
25.1192375919523,60.36404,29.1558440950327,66.24694,499,50,6,0.5,5
16.941537774741,83.01552,34.5485701467384,86.49754,1999,50,6,0.5,5
102.141784482681,148.59568,82.9345918499413,151.23754,4999,50,6,0.5,5
28.523239261794,80.788468,13.8166181049199,94.229672,499,250,6,0.5,5
50.1184014484251,74.90098,47.4343785498455,81.969928,1999,250,6,0.5,5
59.9263735526529,185.358792,60.2230210302571,197.492064,4999,250,6,0.5,5
18.602660914051,60.0310056,19.3541248063758,71.1762456,499,1250,6,0.5,5
37.5382569469485,97.0865304,57.9882982582098,116.4082472,1999,1250,6,0.5,5
90.8571092718324,126.5767904,29.149886267547,130.5044024,4999,1250,6,0.5,5
34.6609952552631,53.31932,28.030681557229,54.4126,499,50,9,0.5,5
118.095142608563,97.95314,72.0986158367917,105.71394,1999,50,9,0.5,5
247.910623547394,150.87638,454.276693178409,159.7891,4999,50,9,0.5,5
12.3259822712957,46.032384,15.4423949402139,49.6319,499,250,9,0.5,5
110.122996999711,306.578796,59.9413929565951,332.481628,1999,250,9,0.5,5
200.639787532414,117.2083,130.56328252327,119.09202,4999,250,9,0.5,5
7.11383750526677,50.234716,7.35452028088257,52.083584,499,1250,9,0.5,5
20.7665545117938,80.1913792,26.8971292410445,84.2465192,1999,1250,9,0.5,5
47.7936238426382,85.42462,29.0847818738661,87.1918952,4999,1250,9,0.5,5
18.1402904881921,42.08708,26.2305050970054,50.78788,499,50,3,1,5
38.1656132139506,90.59762,53.4973671944853,109.40432,1999,50,3,1,5
106.16063514707,79.72728,194.24648926855,85.52142,4999,50,3,1,5
17.6472614065585,84.426928,38.007593237846,100.772344,499,250,3,1,5
79.6057571201995,66.164892,52.8342501310379,77.884088,1999,250,3,1,5
77.0819963964856,64.23456,108.186739173294,64.694652,4999,250,3,1,5
23.3548378799414,97.6369344,53.7559777330403,118.8029168,499,1250,3,1,5
77.3209019283187,281.2971064,139.583203023326,332.5570456,1999,1250,3,1,5
35.043362967322,60.971036,55.886713855819,61.8980616,4999,1250,3,1,5
8.85088822080263,33.15346,9.38597344868466,37.78432,499,50,6,1,5
83.7654056244498,143.60618,93.541697881507,158.56188,1999,50,6,1,5
152.598794883207,93.05754,128.396624628165,94.82516,4999,50,6,1,5
17.3507599733506,73.706012,22.6112205525697,82.490572,499,250,6,1,5
78.969889568399,76.910792,63.008025957353,82.736504,1999,250,6,1,5
64.5071685816213,89.461196,94.7249322128303,90.652372,4999,250,6,1,5
14.4694590501944,109.6123064,34.3098243295943,122.7642504,499,1250,6,1,5
15.6548084902034,73.1262488,25.3123941201975,79.0712344,1999,1250,6,1,5
55.1236072992041,109.7620968,46.2783504845056,114.9601536,4999,1250,6,1,5
73.7616552202305,164.71586,21.6424725446663,152.70262,499,50,9,1,5
62.8934229551894,54.28878,66.9887729604053,58.5563,1999,50,9,1,5
174.826108069398,87.50146,177.496163796756,89.30134,4999,50,9,1,5
19.1823047634095,80.868388,10.4985761222905,85.12622,499,250,9,1,5
43.1956819451271,73.127168,41.2303325406404,78.0874,1999,250,9,1,5
44.7741588607266,190.752568,69.1289479673147,199.613408,4999,250,9,1,5
7.79891904724067,49.165696,9.52364008390442,50.6594872,499,1250,9,1,5
20.4445017304662,44.928048,11.1385880269258,45.6534736,1999,1250,9,1,5
51.5099090505755,112.3950656,36.1486881959036,119.0909264,4999,1250,9,1,5
20.6386573765353,38.44536,21.6318561884306,45.35866,499,50,3,3,5
60.813296075188,50.99466,58.33686161546,51.99866,1999,50,3,3,5
176.339151677143,93.6869,193.774228437098,97.73206,4999,50,3,3,5
30.9766356924354,41.515428,38.5874542495954,47.427508,499,250,3,3,5
36.8682392959838,76.853108,41.9672697560108,88.525344,1999,250,3,3,5
62.9115099454061,64.175772,66.4092001529522,65.980632,4999,250,3,3,5
14.0224978663289,89.1308848,42.672431906504,110.8479072,499,1250,3,3,5
34.6954698896702,150.267948,105.253285623065,205.8145544,1999,1250,3,3,5
26.784004830599,111.0051896,36.5173642515737,115.5033936,4999,1250,3,3,5
20.1437272710785,52.9173,46.6421472904646,78.12952,499,50,6,3,5
145.231364382901,138.94528,120.273920691965,148.20972,1999,50,6,3,5
218.093603467879,227.91738,237.31841165489,276.95366,4999,50,6,3,5
15.067108982035,55.38584,15.3129872033697,59.0214,499,250,6,3,5
54.505734976388,112.05762,50.3198855091252,118.288204,1999,250,6,3,5
86.4341152729253,59.005948,71.5029392123481,60.584944,4999,250,6,3,5
17.0592214815533,100.561968,32.1012134797144,118.827956,499,1250,6,3,5
31.2277423641736,97.0902416,35.6752288077078,107.6030936,1999,1250,6,3,5
43.0733129050768,62.8096328,43.4368517633994,63.6933832,4999,1250,6,3,5
28.5938932884097,64.27584,15.3755767694769,68.26966,499,50,9,3,5
88.4778399562216,227.5185,53.6653845922643,265.75792,1999,50,9,3,5
101.632509645169,50.0799,113.217770139069,51.43278,4999,50,9,3,5
19.5997858630998,79.964016,48.5517940924618,101.259636,499,250,9,3,5
43.5004726191694,157.765628,44.6207347209506,167.80542,1999,250,9,3,5
94.5086493957993,116.17034,76.5770113738634,125.480776,4999,250,9,3,5
8.63277118912224,77.715524,13.193554367546,85.3096672,499,1250,9,3,5
13.9650451241687,94.1859224,16.3746799858611,98.6615664,1999,1250,9,3,5
28.9166150541554,114.7542632,49.6171557949987,117.8455504,4999,1250,9,3,5
37.4820530119409,60.83426,68.0462753578365,105.73684,499,50,3,0.5,1
52.8381472453703,76.39516,75.8098273326112,85.61422,1999,50,3,0.5,1
94.6754551794609,202.69578,140.451898285332,238.5998,4999,50,3,0.5,1
26.7736348742422,67.130448,33.6803885426558,78.895256,499,250,3,0.5,1
39.4159534851939,109.62468,98.6087573591845,145.495276,1999,250,3,0.5,1
144.007200170382,107.693192,90.5463627262667,112.965736,4999,250,3,0.5,1
31.3548853898289,84.4512968,34.6296874068566,97.6527752,499,1250,3,0.5,1
17.7818322959126,47.8684696,18.2413159653375,50.5661904,1999,1250,3,0.5,1
97.1272870042159,147.4926608,50.879935321269,164.5680936,4999,1250,3,0.5,1
30.174448230118,69.29358,19.6754954468748,72.52584,499,50,6,0.5,1
129.033435809639,139.7794,123.372974571702,136.25592,1999,50,6,0.5,1
259.361201420699,100.05042,229.830186582871,111.77544,4999,50,6,0.5,1
11.8590223383902,40.043784,10.6409657657927,42.228132,499,250,6,0.5,1
78.2688628423604,194.883764,69.0552277283951,220.6634,1999,250,6,0.5,1
69.9957700942477,103.70694,62.1729713333451,116.602856,4999,250,6,0.5,1
37.576253278033,82.9026512,75.5844144510912,135.218156,499,1250,6,0.5,1
53.0569786422487,103.7359488,51.5888778331634,120.836108,1999,1250,6,0.5,1
105.953577518106,56.2179792,38.8609533062538,57.893092,4999,1250,6,0.5,1
32.2880619679025,75.72902,40.6291129869897,111.86306,499,50,9,0.5,1
84.93479408067,96.42594,65.5554725833393,100.10944,1999,50,9,0.5,1
426.09375569782,102.83732,415.208263590436,104.53134,4999,50,9,0.5,1
105.758083514233,177.940056,15.7798998884496,163.396452,499,250,9,0.5,1
55.7933093735411,184.801184,66.8749524929506,199.809128,1999,250,9,0.5,1
186.159469473773,188.5493,159.718703966002,185.278964,4999,250,9,0.5,1
28.9042051664974,129.4186368,33.2798429479171,155.5226704,499,1250,9,0.5,1
19.5844746794251,93.8732536,23.4946639355808,99.668816,1999,1250,9,0.5,1
103.195032701272,223.7419464,60.9732402862704,241.208976,4999,1250,9,0.5,1
18.9188208337248,36.06216,18.4589904314616,38.5673,499,50,3,1,1
50.3015459601868,93.65454,68.2400505863821,105.43542,1999,50,3,1,1
366.774471366472,68.7041,325.292037237659,72.09254,4999,50,3,1,1
21.8294102584756,83.808972,30.1830929001515,94.858728,499,250,3,1,1
20.8416988604031,91.883496,34.3805342469556,98.672128,1999,250,3,1,1
89.9981414504666,56.11196,85.441982393541,56.26502,4999,250,3,1,1
9.79191155037913,45.6238088,17.5908831636062,51.8166808,499,1250,3,1,1
13.3134789205054,62.7025112,23.6448784027844,73.4032512,1999,1250,3,1,1
34.5464165525732,86.3091848,25.2924544478416,91.224748,4999,1250,3,1,1
22.6008788782492,87.9167,19.6962201111559,99.1004,499,50,6,1,1
40.8566303944762,86.86524,37.7402755142803,101.38046,1999,50,6,1,1
146.699067183535,108.1869,132.267862402445,116.51182,4999,50,6,1,1
18.8615147293057,84.285352,17.0949884451809,90.540976,499,250,6,1,1
23.0784601181772,47.794684,22.2055286288042,53.23608,1999,250,6,1,1
25.3529029239918,55.349272,26.8953918140934,55.816788,4999,250,6,1,1
18.2347096938015,90.179608,26.8402708173892,100.4091296,499,1250,6,1,1
37.8707778176471,113.7072408,60.1908828401885,132.9210296,1999,1250,6,1,1
73.4668527717448,183.1670976,63.0338367039683,196.864336,4999,1250,6,1,1
36.3036964982631,145.06518,40.9151649225737,152.34312,499,50,9,1,1
65.5693247680918,54.49312,59.8321769922279,55.79202,1999,50,9,1,1
174.672654143191,60.27366,205.230684679834,61.30066,4999,50,9,1,1
17.4296461067635,59.974844,15.1715829159113,63.966168,499,250,9,1,1
47.3688734955648,111.960396,34.0380778917454,123.787944,1999,250,9,1,1
130.996310533961,151.551056,69.3947805548428,156.261472,4999,250,9,1,1
12.4742037748872,91.7260024,15.209099286727,100.28382,499,1250,9,1,1
18.5551639726624,93.5478976,35.766644705718,105.4462768,1999,1250,9,1,1
35.7207435602333,81.7037504,30.2497235554921,83.7192576,4999,1250,9,1,1
46.7467444517125,145.58348,51.9317402470672,143.5509,499,50,3,3,1
80.1810834076129,97.54098,96.7396448861835,119.4982,1999,50,3,3,1
282.694492265173,121.2157,275.491217926205,136.4921,4999,50,3,3,1
19.8002031938448,64.059176,25.0509028399301,70.03474,499,250,3,3,1
117.891883479642,272.787968,131.587457365687,308.795696,1999,250,3,3,1
40.2213630041245,97.231884,53.1933454282575,100.889328,4999,250,3,3,1
20.4820665347881,64.3092656,26.8587084843444,74.2069184,499,1250,3,3,1
30.1081684405884,91.9279864,68.5006753544626,126.5325504,1999,1250,3,3,1
27.4932656429454,189.1953248,111.011267401028,240.2610112,4999,1250,3,3,1
9.99758806395667,48.57868,13.9782604710886,52.92738,499,50,6,3,1
60.5680127541736,126.63444,74.3118902511595,137.643,1999,50,6,3,1
195.718205401269,113.5012,218.873293095513,129.76206,4999,50,6,3,1
23.594619074347,103.76648,36.6550511343489,115.578064,499,250,6,3,1
64.0285360280156,290.696284,140.032238880372,339.816964,1999,250,6,3,1
67.9189977096412,143.330576,65.1209366648086,157.58228,4999,250,6,3,1
6.13324887366052,37.6181472,16.793264031978,44.3639424,499,1250,6,3,1
24.4283680523855,96.4600936,24.0891074761046,102.2314128,1999,1250,6,3,1
38.3617855008169,117.7973768,80.1606789508783,124.4542232,4999,1250,6,3,1
13.0696432453746,34.84852,14.9494891490782,36.03036,499,50,9,3,1
66.7374065672987,66.73062,66.48031705383,67.09632,1999,50,9,3,1
115.865854648112,120.21836,98.4049224131664,125.95138,4999,50,9,3,1
9.29354254757281,39.176884,9.85184684073359,42.072816,499,250,9,3,1
45.0803226053731,87.688276,56.3494874628994,98.055508,1999,250,9,3,1
120.170487334323,160.920804,99.9418072154119,163.8254,4999,250,9,3,1
24.5651126389327,103.8993032,22.3637523511368,123.91396,499,1250,9,3,1
16.9925093860989,69.18866,20.3479268573635,71.9165952,1999,1250,9,3,1
35.9203591786693,89.0038232,47.0672189475847,90.0580928,4999,1250,9,3,1
52.7950008121309,100.47752,35.2925545686697,123.37064,499,50,3,0.5,3
127.513644901882,227.38674,168.902646598,269.28292,1999,50,3,0.5,3
343.909163013633,147.44284,428.126862422725,192.54866,4999,50,3,0.5,3
15.5233815993819,43.383404,27.9707070586365,53.457312,499,250,3,0.5,3
18.9360809631177,50.243928,40.8234751369324,58.24444,1999,250,3,0.5,3
91.9178156996182,57.623228,53.3502427650751,58.846608,4999,250,3,0.5,3
18.9289658618777,86.839168,43.6368901629895,106.6636872,499,1250,3,0.5,3
22.1550480690193,78.6485488,48.2792091268387,92.9042248,1999,1250,3,0.5,3
107.924470066051,162.7826352,102.14579269034,184.2564088,4999,1250,3,0.5,3
44.7135569237513,114.11782,17.9474188461786,126.83408,499,50,6,0.5,3
55.2790865194664,117.16156,75.8731962678203,114.40006,1999,50,6,0.5,3
171.973132404993,68.66068,283.895606767865,73.5421,4999,50,6,0.5,3
9.79887709244984,54.921968,18.8999380089195,61.350156,499,250,6,0.5,3
63.6523067241173,160.132832,43.8384996004675,179.170484,1999,250,6,0.5,3
102.084379573599,175.886348,101.903683080162,184.386088,4999,250,6,0.5,3
29.5000195557808,92.1605528,65.9136951007858,119.364928,499,1250,6,0.5,3
32.4964114403966,118.5414056,41.5338880173488,133.649312,1999,1250,6,0.5,3
85.2351269708971,104.6095408,56.3342492368949,111.4520808,4999,1250,6,0.5,3
30.6518305984162,123.49316,19.1281846109631,131.82614,499,50,9,0.5,3
93.5550542950186,111.56272,67.0497745575223,125.6132,1999,50,9,0.5,3
68.599738766689,171.3214,120.054055666834,179.98714,4999,50,9,0.5,3
10.8045420163452,52.072892,7.13922274459226,54.772532,499,250,9,0.5,3
25.1295966771577,94.070328,15.3654628337347,98.551196,1999,250,9,0.5,3
64.849338218062,105.651144,64.4556993670138,108.503972,4999,250,9,0.5,3
9.77169626195117,63.318684,11.2392174334125,67.867848,499,1250,9,0.5,3
85.1864751055693,230.4382912,53.5670718775139,237.061856,1999,1250,9,0.5,3
59.7224031942523,84.2046352,26.4737952352442,89.0999528,4999,1250,9,0.5,3
35.3081624487222,111.99352,33.0313850076679,120.1847,499,50,3,1,3
76.1467589052763,64.5232,65.2728260483898,63.6065,1999,50,3,1,3
86.8632652533844,119.20948,114.336062693386,140.29614,4999,50,3,1,3
19.1295013510246,39.290076,25.1012765125982,46.387796,499,250,3,1,3
21.9168605817105,78.526636,41.0930899822334,86.853028,1999,250,3,1,3
32.5533516947437,119.86652,51.8273824735393,126.104616,4999,250,3,1,3
17.8825767980724,51.8933808,25.2411201234288,60.6687912,499,1250,3,1,3
31.3952377371867,98.2967712,55.2267548200033,114.171296,1999,1250,3,1,3
131.182610818391,47.4907112,124.106722704055,48.4042448,4999,1250,3,1,3
22.4406090955049,49.64802,19.459162131139,51.14444,499,50,6,1,3
89.2451851691039,53.65916,82.4056879040226,59.7541,1999,50,6,1,3
84.87699287411,79.9218,75.4656094028591,82.65948,4999,50,6,1,3
15.3392167499413,78.699268,22.8555336130895,88.928556,499,250,6,1,3
13.5168629017387,60.7251,19.4035403510007,62.381172,1999,250,6,1,3
71.1207564753135,126.720924,61.6384178798513,134.08352,4999,250,6,1,3
18.2794433687255,89.825168,27.148956377376,100.2063416,499,1250,6,1,3
38.0930679186521,144.6982104,57.892343685103,163.9985392,1999,1250,6,1,3
82.3870159370794,107.5445808,62.0869180090438,117.466788,4999,1250,6,1,3
26.6631195110304,62.32054,32.1215138749015,67.1562,499,50,9,1,3
70.2908356072552,48.58114,75.9321583871297,50.74528,1999,50,9,1,3
141.065080286634,62.994,101.894289732732,63.95242,4999,50,9,1,3
41.5675908313837,158.254612,29.8624131720775,155.844468,499,250,9,1,3
13.9934291721463,69.241916,22.3108058346676,72.893444,1999,250,9,1,3
49.3626804847675,83.489488,45.181770651274,84.930828,4999,250,9,1,3
13.4557251828385,71.2277232,14.6837292184497,77.7143856,499,1250,9,1,3
45.0671979455993,254.5452344,45.8023767792351,277.551776,1999,1250,9,1,3
71.7213641819589,115.6846416,46.9512115820612,119.043664,4999,1250,9,1,3
30.7882175473435,72.14374,34.0444784905449,81.02912,499,50,3,3,3
31.1875216188024,69.44522,45.1632444894269,76.9982,1999,50,3,3,3
207.6017064775,58.13658,213.106296130262,59.27568,4999,50,3,3,3
42.1833470578561,132.330328,61.8067100262958,158.836624,499,250,3,3,3
41.8052762361033,58.866764,43.9424600650573,59.938664,1999,250,3,3,3
43.7887116546951,158.86504,71.2022809666018,176.595744,4999,250,3,3,3
11.133895846722,34.5886232,11.2666917880369,37.1449864,499,1250,3,3,3
29.2056650255032,142.3828144,73.270766307066,179.4375064,1999,1250,3,3,3
45.1656575096003,77.4691808,30.9316401572221,83.4608688,4999,1250,3,3,3
20.9795231989977,84.58226,15.0968784490827,88.72564,499,50,6,3,3
58.5318833784806,81.75688,64.3507157182684,94.64996,1999,50,6,3,3
232.827810848812,111.83498,217.882232416404,112.55744,4999,50,6,3,3
19.3672549354892,86.825388,27.6007654153647,99.391844,499,250,6,3,3
52.8710271228448,118.276012,62.7988716185739,130.5109,1999,250,6,3,3
99.3449456373843,97.67898,68.1005761051199,103.246708,4999,250,6,3,3
7.39130928415282,61.842728,6.32521553802745,64.9816176,499,1250,6,3,3
26.9935472672762,58.9935136,20.5661687264562,61.0154968,1999,1250,6,3,3
25.7863497955673,89.205584,24.863005712152,91.4080568,4999,1250,6,3,3
19.4208622635499,60.53534,24.9828585266647,74.70266,499,50,9,3,3
85.7070446037197,67.01096,85.4820742319914,69.2993,1999,50,9,3,3
257.722518309033,162.1857,191.697658187539,191.85026,4999,50,9,3,3
14.7906790086963,79.40804,16.417736351765,87.54246,499,250,9,3,3
31.2454452914332,109.053616,22.2424427039671,118.139124,1999,250,9,3,3
101.194882774946,60.660252,83.0750760610323,61.1352,4999,250,9,3,3
12.6510005332668,82.733116,21.0388174322323,93.864632,499,1250,9,3,3
28.1856817709075,110.3913016,33.4202136611506,131.7701312,1999,1250,9,3,3
57.2016124113699,82.45792,26.4394854909693,84.5425696,4999,1250,9,3,3
18.0487097316568,49.76292,20.7447937238901,54.7075,499,50,3,0.5,5
39.8366958128855,47.9581,50.7508325286977,56.0588,1999,50,3,0.5,5
123.211501914353,88.19494,115.321008518167,92.0299,4999,50,3,0.5,5
11.0084191788397,59.029812,28.067725892817,72.363952,499,250,3,0.5,5
58.6159969607848,84.587876,62.2825527185763,92.69826,1999,250,3,0.5,5
61.0625427790562,116.268884,101.233005799893,151.330976,4999,250,3,0.5,5
29.1701645848433,112.2909896,36.0770220899509,119.2202488,499,1250,3,0.5,5
50.1783285304767,81.6021696,48.3976738100043,92.4987632,1999,1250,3,0.5,5
45.3386403343321,94.34308,35.6412454283288,105.0068424,4999,1250,3,0.5,5
30.5414741966008,44.47398,25.3283441935095,47.71294,499,50,6,0.5,5
46.9388317916592,127.71798,39.3277497933034,131.84604,1999,50,6,0.5,5
144.531253852943,63.65518,162.910454106959,66.25954,4999,50,6,0.5,5
38.5897721223081,129.580188,54.2802609685829,149.966716,499,250,6,0.5,5
36.2430678966139,120.242268,82.6395477666688,139.7455,1999,250,6,0.5,5
102.804641974748,71.083524,122.50115336378,72.719948,4999,250,6,0.5,5
12.6994647090597,56.9697104,7.95888914661656,60.2463208,499,1250,6,0.5,5
66.8339195559974,279.2113936,40.4338168644897,311.3865304,1999,1250,6,0.5,5
56.1367443209063,111.2999216,49.4483077450324,113.6809968,4999,1250,6,0.5,5
15.2787108345067,53.11936,12.8302347046932,53.56386,499,50,9,0.5,5
43.3370603722797,102.26182,58.7390356307112,107.56702,1999,50,9,0.5,5
149.05297934082,123.72504,135.368396437256,124.98106,4999,50,9,0.5,5
17.1567209346724,75.613144,12.2015280675437,83.772036,499,250,9,0.5,5
84.7639577540468,75.007916,98.6472718183837,84.721016,1999,250,9,0.5,5
188.529479048799,82.516808,129.983250203166,88.244796,4999,250,9,0.5,5
12.1229221455665,59.6736504,16.2889910823571,65.0843768,499,1250,9,0.5,5
55.5637449844106,276.8413224,56.436257274238,299.5943048,1999,1250,9,0.5,5
33.2246909592429,153.3260536,38.521489215918,160.7789608,4999,1250,9,0.5,5
29.8491711779636,61.10312,34.4921300946361,70.28866,499,50,3,1,5
97.5382456853276,100.3273,108.441043768544,107.74406,1999,50,3,1,5
49.7597196400354,149.68102,110.954492737427,178.01888,4999,50,3,1,5
27.8943622474177,51.789952,32.8060849198239,61.109372,499,250,3,1,5
31.5999059381361,69.763484,60.8130007478327,102.071328,1999,250,3,1,5
111.785913969368,203.622752,124.550844565237,246.504276,4999,250,3,1,5
16.5746058766002,52.0981344,18.9323456102944,56.425012,499,1250,3,1,5
33.9366325916838,119.2049136,102.086895443269,167.6612896,1999,1250,3,1,5
18.9559931662433,78.4020616,36.6726287406965,82.3966584,4999,1250,3,1,5
32.5115603207239,52.0663,22.0340091074291,55.46772,499,50,6,1,5
30.724965472648,110.74146,32.4937473974486,116.90218,1999,50,6,1,5
258.291632387388,119.52418,280.331538034012,117.73996,4999,50,6,1,5
40.8071122064936,99.671392,26.1956039593581,98.722592,499,250,6,1,5
31.6857637558096,84.800588,48.223919142606,94.161128,1999,250,6,1,5
178.988455336411,117.31412,164.339125637316,120.876844,4999,250,6,1,5
10.5864469050139,37.2629536,14.9540605098387,41.2479648,499,1250,6,1,5
15.2092292492658,48.71294,20.4101281613441,49.8040768,1999,1250,6,1,5
73.2898690953553,64.5241224,25.2784344499922,65.3247824,4999,1250,6,1,5
15.1499834914029,98.36474,31.5174160231242,111.60228,499,50,9,1,5
65.3750847265034,137.33756,55.1107010438596,131.04872,1999,50,9,1,5
88.6295358119843,103.35548,91.5722431612728,106.02796,4999,50,9,1,5
17.3137822635084,75.1573,20.304537923676,81.114336,499,250,9,1,5
44.0223734438203,79.796348,37.6073915005837,83.22582,1999,250,9,1,5
141.426673719739,133.97088,138.224946549694,138.281896,4999,250,9,1,5
7.77902637325489,45.9027432,13.3067861184881,48.244604,499,1250,9,1,5
14.109730439803,93.2594672,20.2046301898113,99.0939712,1999,1250,9,1,5
37.0525191639947,89.4929968,29.2918337252745,90.3792424,4999,1250,9,1,5
38.5989096338765,54.36138,43.6328246723764,64.7854,499,50,3,3,5
66.0196415878625,119.51146,88.8076040393295,141.42356,1999,50,3,3,5
198.05423167372,59.50184,204.302578837877,59.67104,4999,50,3,3,5
211.128441360677,232.636264,101.79149198314,167.251724,499,250,3,3,5
52.2140846248977,155.815632,129.261520485972,207.574008,1999,250,3,3,5
35.6977404259233,150.28814,45.6786087111968,165.59588,4999,250,3,3,5
21.5177453069482,44.2721224,22.4233370684117,47.1736248,499,1250,3,3,5
35.1353655684382,112.8747208,86.5643229453844,147.9993368,1999,1250,3,3,5
56.4018624793021,125.3870568,96.6233745983996,174.8990336,4999,1250,3,3,5
34.546367438226,74.65384,30.3929427038782,79.72532,499,50,6,3,5
83.2337846147816,158.6965,95.2729153356402,192.04432,1999,50,6,3,5
221.033003479086,67.74806,214.50783551515,69.54378,4999,50,6,3,5
31.9203903981347,91.709808,60.0081440427876,119.91666,499,250,6,3,5
26.6573285775546,87.667792,31.4051803677028,101.417684,1999,250,6,3,5
70.4120507990903,164.06378,51.0047402608863,170.522548,4999,250,6,3,5
18.7851040268058,76.4771736,30.4367476818191,84.4412536,499,1250,6,3,5
19.0322998879113,78.2694824,27.3312934228767,83.2207208,1999,1250,6,3,5
27.8255326630184,103.3821616,37.1476351363696,108.9558864,4999,1250,6,3,5
44.3414836299342,36.38926,42.5634868751189,38.1691,499,50,9,3,5
93.4586030303826,167.1465,76.8777998690541,181.5638,1999,50,9,3,5
131.63030765141,161.34602,120.646103595948,168.63138,4999,50,9,3,5
10.5597965942867,41.37992,11.1061636296178,44.204192,499,250,9,3,5
45.7182858893067,73.546056,47.0255649357513,76.497312,1999,250,9,3,5
95.4961218220579,107.9764,95.2863071612517,111.590564,4999,250,9,3,5
14.2098155313073,48.6576912,18.0923309267657,52.7043384,499,1250,9,3,5
43.8953651957975,72.5315592,31.2478191129551,75.4327944,1999,1250,9,3,5
39.8408441133684,176.1547264,66.0060031213068,186.867756,4999,1250,9,3,5
26.6566827034065,22.01864,25.0532621505396,24.64494,499,50,3,0.5,1
88.2253743968472,72.33266,105.008854078832,92.71298,1999,50,3,0.5,1
138.194369251978,222.78324,156.902642557904,267.8039,4999,50,3,0.5,1
32.6664588762359,61.728776,22.5598561557182,60.257456,499,250,3,0.5,1
38.0914055319299,205.213164,45.8612336624532,227.894028,1999,250,3,0.5,1
164.502998758288,99.726588,189.558084719979,110.038416,4999,250,3,0.5,1
8.38841032578057,30.6003872,23.5940340478955,41.8595168,499,1250,3,0.5,1
51.2867105485964,117.1090384,79.7833493596005,159.8236504,1999,1250,3,0.5,1
146.278433954877,94.5814232,124.805443672726,97.7610664,4999,1250,3,0.5,1
21.9591027739521,64.00414,35.3911813164725,74.66512,499,50,6,0.5,1
203.459837210425,227.43664,210.573772502678,231.5083,1999,50,6,0.5,1
115.164189675351,71.47704,150.623034610555,77.25152,4999,50,6,0.5,1
25.7764939712011,45.14982,20.8414038593884,49.169012,499,250,6,0.5,1
76.0231120607684,65.732512,50.6778535786558,69.010548,1999,250,6,0.5,1
128.765195631606,79.1104,85.1301703996221,79.571152,4999,250,6,0.5,1
16.203829543727,69.4020104,22.8372518989169,79.6508296,499,1250,6,0.5,1
22.2423539141288,82.1325112,21.3966811388809,86.638368,1999,1250,6,0.5,1
38.3284022150984,117.163604,27.5868456774928,120.1393376,4999,1250,6,0.5,1
57.0865261615512,85.14822,30.2593740488097,78.2,499,50,9,0.5,1
89.9550881294338,96.1876,70.0585368263339,99.68378,1999,50,9,0.5,1
145.662152971606,179.8727,116.368468296662,194.07844,4999,50,9,0.5,1
11.0209245607529,76.10986,10.2484679396508,83.019608,499,250,9,0.5,1
33.0469333338039,99.626744,28.4461038851445,104.729776,1999,250,9,0.5,1
73.5666863752441,84.293852,91.0403846089569,85.868528,4999,250,9,0.5,1
13.8688905575703,107.0666744,37.9125316242761,124.703624,499,1250,9,0.5,1
28.5468566928003,46.05266,11.6597828138796,47.4283624,1999,1250,9,0.5,1
27.0098462512321,110.6729824,14.7631685608198,114.4153136,4999,1250,9,0.5,1
27.8335905124859,91.46356,54.7111420475225,113.4527,499,50,3,1,1
65.2007533109617,169.59588,71.117420925564,231.94388,1999,50,3,1,1
149.770997127645,92.5619,178.706047064202,101.45122,4999,50,3,1,1
8.68102432617406,18.235776,18.3117204147909,29.161932,499,250,3,1,1
20.6569553914165,59.528268,27.7386159219186,67.07604,1999,250,3,1,1
54.0468750579386,58.322208,44.4096262046822,60.247468,4999,250,3,1,1
39.529630542963,89.1622984,56.9272430442061,113.6268552,499,1250,3,1,1
16.2306241079342,82.3721728,37.9479302122061,102.0708504,1999,1250,3,1,1
58.3435906366646,58.2523104,33.2154858382184,59.9373656,4999,1250,3,1,1
30.3136544483241,70.32118,21.8220106539168,74.92934,499,50,6,1,1
61.4489055350569,69.04848,69.9359957251754,72.90426,1999,50,6,1,1
305.704642825108,101.20256,273.24142028903,116.46336,4999,50,6,1,1
17.6781891594909,97.675948,22.3581149364384,112.29998,499,250,6,1,1
43.3557662702441,72.376364,49.2090707286753,93.9552,1999,250,6,1,1
98.0540016446798,182.810192,82.0806081462676,191.036192,4999,250,6,1,1
8.31000591636271,66.729128,18.7121380568566,72.502188,499,1250,6,1,1
33.7667606061844,63.4584968,17.4690762731895,66.1312104,1999,1250,6,1,1
44.2812439364534,82.3188928,31.7187729948125,85.1761048,4999,1250,6,1,1
30.7630910284243,63.38756,14.7629857697894,63.97148,499,50,9,1,1
82.8690401517507,95.11674,54.5029068967872,95.32114,1999,50,9,1,1
134.889689191221,134.71554,143.32882405256,134.51084,4999,50,9,1,1
19.6327746283617,77.639184,20.793811880655,87.67112,499,250,9,1,1
67.1836519087489,254.828604,65.2745702468768,304.042296,1999,250,9,1,1
41.1471940554441,65.64184,44.6725046766985,66.209252,4999,250,9,1,1
8.67140808701239,39.7099504,9.21877574059013,41.854412,499,1250,9,1,1
20.8613567635234,107.529712,37.3644983178744,123.5299632,1999,1250,9,1,1
39.1747758066337,117.2575648,37.8773061730856,120.7082288,4999,1250,9,1,1
59.8079396147069,85.5384,32.6576200008025,76.5166,499,50,3,3,1
99.1598001687509,139.71812,145.162381181911,178.06938,1999,50,3,3,1
268.552758957805,104.06346,304.840561721347,116.11518,4999,50,3,3,1
15.0396126819373,37.398084,18.1366956826366,42.382144,499,250,3,3,1
72.5824408639796,64.797316,78.6680467784076,75.882104,1999,250,3,3,1
43.3368961833142,67.538796,36.5115545336896,69.720596,4999,250,3,3,1
20.7322678904972,54.6972288,28.0491172207443,67.1040184,499,1250,3,3,1
16.6092708460863,41.8041656,19.0874836816685,43.1001168,1999,1250,3,3,1
34.0749536384825,120.5545256,72.7806793159168,162.0209584,4999,1250,3,3,1
24.0684739602284,92.33838,18.4541289211692,101.34588,499,50,6,3,1
85.4967742759698,46.73764,86.2445810293875,50.89596,1999,50,6,3,1
191.338739278629,180.98282,157.58578604526,211.4812,4999,50,6,3,1
28.1332985930754,105.407616,24.967480397695,122.490556,499,250,6,3,1
33.9211338104611,162.423076,48.7381988487001,178.761108,1999,250,6,3,1
214.310454833487,165.321488,252.797705278011,178.278104,4999,250,6,3,1
18.7004030116338,69.277928,26.6512880887545,77.8317552,499,1250,6,3,1
21.9836790498343,93.4153616,40.6234617619054,104.283964,1999,1250,6,3,1
30.6488802884404,54.8133192,34.169016178025,55.5754856,4999,1250,6,3,1
16.1545397811969,50.62378,16.7394733362445,51.221,499,50,9,3,1
17.5013112283478,118.60056,33.9402068596807,133.04206,1999,50,9,3,1
89.4117570863694,182.40152,76.0787502472251,194.5185,4999,50,9,3,1
52.9324243135191,136.582164,34.1513273969529,138.49104,499,250,9,3,1
21.1670954156994,73.41806,26.1533827487024,78.481632,1999,250,9,3,1
65.1314271040097,111.785032,46.0252647307598,111.89246,4999,250,9,3,1
5.14117825663625,54.9321952,7.62634377189493,57.5960552,499,1250,9,3,1
41.9638830164354,182.474804,32.2860430908076,194.783788,1999,1250,9,3,1
59.4405978128996,56.9061232,37.9341006441935,57.5955424,4999,1250,9,3,1
19.2845037284506,43.27196,23.2389930741022,46.42346,499,50,3,0.5,3
44.935109599361,39.34668,61.8361857519511,41.57288,1999,50,3,0.5,3
93.7426756024023,63.63942,103.628108130724,64.0504,4999,50,3,0.5,3
25.2591079423621,81.592324,20.2662333568302,85.139944,499,250,3,0.5,3
126.469638965485,105.21744,120.91181273085,129.951924,1999,250,3,0.5,3
74.9727484168765,97.494572,70.5572286769892,102.841112,4999,250,3,0.5,3
14.40709245437,47.6433528,44.4551891265243,70.6557936,499,1250,3,0.5,3
18.1159630663685,80.4346672,28.9921521620564,87.3934624,1999,1250,3,0.5,3
72.8017602398662,62.7668336,63.9163823098101,64.4586304,4999,1250,3,0.5,3
27.1417037346898,54.46514,22.3542740909461,60.02224,499,50,6,0.5,3
94.6794676849777,63.03896,101.286216792417,69.24082,1999,50,6,0.5,3
195.671981830551,146.88548,159.722140409188,155.18538,4999,50,6,0.5,3
37.531167983474,57.403072,14.9716751149283,55.97644,499,250,6,0.5,3
33.2515360905924,171.57344,58.9519045619417,198.475548,1999,250,6,0.5,3
247.26057679822,57.301684,77.6159922060929,58.174408,4999,250,6,0.5,3
13.0319726511439,65.9736784,19.0711963937084,71.3795904,499,1250,6,0.5,3
68.7523904556328,253.4045304,81.6250310387792,301.8954136,1999,1250,6,0.5,3
87.0538488001258,50.8187936,23.5175369569981,51.3146432,4999,1250,6,0.5,3
36.1242027555457,124.57302,50.2022445675839,135.63714,499,50,9,0.5,3
78.1377013951567,126.0471,81.7883267608685,131.83164,1999,50,9,0.5,3
478.049039649178,69.05828,487.182334727515,69.47362,4999,50,9,0.5,3
18.0253944797251,37.972136,13.8085666292459,37.255628,499,250,9,0.5,3
80.8324115612531,96.060568,45.8931222007392,105.849188,1999,250,9,0.5,3
118.532418395224,81.185516,190.752408926341,82.059256,4999,250,9,0.5,3
7.53574636158484,74.9828688,14.7097935276909,81.3466424,499,1250,9,0.5,3
28.7352071174232,119.1573768,22.4774262340016,131.2493856,1999,1250,9,0.5,3
82.0581077622654,71.7279048,89.7984244151448,72.6500128,4999,1250,9,0.5,3
122.230657385557,171.77826,69.4317856411101,156.31898,499,50,3,1,3
60.7737911625983,51.81936,45.3234349421642,53.36528,1999,50,3,1,3
152.881209536758,77.3392,183.120936276811,83.9495,4999,50,3,1,3
18.224830272318,57.417736,36.3194614734958,70.35548,499,250,3,1,3
44.4935053054171,69.707436,49.2579997327633,78.679176,1999,250,3,1,3
55.4737477207253,62.088236,74.447926739602,62.79642,4999,250,3,1,3
31.2785709131332,112.3597416,78.6428555897265,149.0858808,499,1250,3,1,3
20.9302200123333,70.5612456,29.7988427336978,82.2218376,1999,1250,3,1,3
113.033388992267,113.812112,29.714031094444,119.8050248,4999,1250,3,1,3
24.3707684362107,104.43374,48.1353321509998,127.53524,499,50,6,1,3
80.5662801631595,174.1927,33.4430598253612,184.8619,1999,50,6,1,3
310.692415519269,154.79106,269.243672620835,152.32124,4999,50,6,1,3
20.6786334941723,126.185504,17.4927933918975,140.140644,499,250,6,1,3
36.9579990271841,112.945872,31.4216205108944,123.214092,1999,250,6,1,3
151.179758495656,127.25966,205.933591785696,129.89612,4999,250,6,1,3
12.9925404110895,88.983044,14.6772927141932,95.9865616,499,1250,6,1,3
23.1519446888717,77.958908,16.9750785316714,83.4527216,1999,1250,6,1,3
65.0036722780571,139.035564,41.5222947388627,146.6393152,4999,1250,6,1,3
36.2728929935984,75.16148,36.7134417014095,81.53852,499,50,9,1,3
72.2887164824519,195.66102,74.5104614293922,226.65364,1999,50,9,1,3
161.269806620529,50.9766,157.983189873231,51.86512,4999,50,9,1,3
56.8565444436123,127.27318,29.0638421161875,141.110684,499,250,9,1,3
58.3457312174557,272.389844,65.5887696922943,306.626516,1999,250,9,1,3
45.3931142836419,83.504084,36.4824154529148,85.643772,4999,250,9,1,3
29.8939255674624,141.8772944,25.7786047189781,147.1555792,499,1250,9,1,3
29.6008916080842,50.233016,17.0711533375095,50.4160704,1999,1250,9,1,3
44.6752129816825,162.764284,67.4665249986617,180.1500864,4999,1250,9,1,3
28.4290050086423,70.06826,29.3177879216409,78.2144,499,50,3,3,3
46.5129804426191,53.46346,56.2780208642016,59.83912,1999,50,3,3,3
85.8506407119134,118.10048,75.2252391216784,123.28536,4999,50,3,3,3
37.122341089328,66.723272,37.9714187885987,77.959956,499,250,3,3,3
47.4908435087688,88.114152,47.8788525531014,98.846824,1999,250,3,3,3
147.123866604127,203.816668,119.400625193224,231.762736,4999,250,3,3,3
17.4421688271197,31.7227312,19.5138951142261,37.5917264,499,1250,3,3,3
30.7546285581732,90.566752,59.0316899276013,112.0966152,1999,1250,3,3,3
110.390925520531,113.0696584,53.8517494473669,118.488848,4999,1250,3,3,3
63.7393839284298,133.7953,54.6971917451759,146.54224,499,50,6,3,3
34.8595343114913,55.96758,33.3879851424766,56.87068,1999,50,6,3,3
225.686979740339,143.11494,231.443719329949,155.56018,4999,50,6,3,3
25.696290714988,72.890236,20.1087163953,73.356124,499,250,6,3,3
70.5561332233899,191.336804,66.0854152073057,220.0258,1999,250,6,3,3
98.5229285831065,88.102936,113.187559301826,89.631364,4999,250,6,3,3
20.5062816995164,107.3083864,30.9300908426317,121.7444888,499,1250,6,3,3
25.0291511087577,78.0228672,25.6110773490395,83.9128808,1999,1250,6,3,3
63.7768982792025,55.71888,49.570905879802,56.8424016,4999,1250,6,3,3
14.368008544494,58.27274,15.5256289454628,60.13644,499,50,9,3,3
46.6061682213441,86.97072,54.3701385342629,90.91282,1999,50,9,3,3
299.850068237715,224.22318,251.336741754233,235.27922,4999,50,9,3,3
8.92168264291831,60.504392,16.6774318679418,66.619176,499,250,9,3,3
37.8936244862205,120.416508,55.0123212654998,128.625292,1999,250,9,3,3
57.1431742333107,185.251268,59.8989877423738,205.195428,4999,250,9,3,3
15.4127878788704,68.937668,15.7567331795462,74.5061904,499,1250,9,3,3
11.013429133746,75.9679456,12.1378199512779,78.6347736,1999,1250,9,3,3
30.2060705295799,148.52188,37.5128639480135,158.5280672,4999,1250,9,3,3
60.2461753816047,70.9474,19.9287267060947,74.40358,499,50,3,0.5,5
88.1422841219547,86.80592,111.711157232748,93.40098,1999,50,3,0.5,5
136.468422498678,51.64374,137.034888495776,51.42304,4999,50,3,0.5,5
25.7195228977274,46.438116,28.1396025915311,55.448132,499,250,3,0.5,5
48.3475201240384,48.973052,48.0585686661503,51.270692,1999,250,3,0.5,5
96.1276723538478,72.408552,74.4198765779551,75.12974,4999,250,3,0.5,5
25.6831935588844,68.4968128,36.6602843492026,81.0642776,499,1250,3,0.5,5
25.6694006666514,61.7038344,65.7941574797266,106.0912744,1999,1250,3,0.5,5
27.291524767441,140.2256952,56.8864600094766,159.8326136,4999,1250,3,0.5,5
41.1365389978202,142.70776,34.532416528318,158.91748,499,50,6,0.5,5
95.4416937228724,272.8305,91.4031868012144,316.73766,1999,50,6,0.5,5
152.392498233762,90.57228,183.411288910611,92.8204,4999,50,6,0.5,5
12.4290919395399,64.240024,24.5301467260184,76.560752,499,250,6,0.5,5
28.5427251541292,160.05396,53.4397648118443,188.881424,1999,250,6,0.5,5
55.9539745315152,145.991632,83.5261376628851,158.511044,4999,250,6,0.5,5
10.9956087639999,29.7767768,15.2166367406403,35.5194232,499,1250,6,0.5,5
29.359209259676,98.202224,47.0524667713297,113.0034072,1999,1250,6,0.5,5
45.7002320761127,82.5961128,21.6953511302942,84.753664,4999,1250,6,0.5,5
73.9869797713154,141.94968,30.6772679201099,148.4474,499,50,9,0.5,5
54.8759208816801,61.30238,61.91845737715,63.32524,1999,50,9,0.5,5
116.870305811978,103.38124,155.895916855808,103.0703,4999,50,9,0.5,5
41.5798456872707,114.024112,27.2910203208719,141.348156,499,250,9,0.5,5
51.543700889624,88.422216,22.4496424325211,93.226064,1999,250,9,0.5,5
172.487465026218,176.149704,88.5253338868418,183.361444,4999,250,9,0.5,5
23.6144155999549,142.6705016,21.4838360209965,146.2065744,499,1250,9,0.5,5
28.7043496078585,79.4789032,51.6866342104333,82.705236,1999,1250,9,0.5,5
93.5068834879848,219.7872576,81.7348581610597,231.379676,4999,1250,9,0.5,5
41.0021963321598,69.58362,32.4312929611824,97.5075,499,50,3,1,5
48.2685280426409,68.85626,46.0047279437613,71.938,1999,50,3,1,5
217.549301806863,91.88768,271.288080753863,100.56304,4999,50,3,1,5
43.884453004646,90.67424,67.8177524213087,114.637384,499,250,3,1,5
88.34317841345,224.23956,145.304984146536,308.380124,1999,250,3,1,5
76.3634265472231,65.195852,95.1277768753975,70.968164,4999,250,3,1,5
27.4947829850385,68.4905848,30.5851279445831,83.3054856,499,1250,3,1,5
43.8858078177058,98.5136744,57.6552143991408,111.9354016,1999,1250,3,1,5
57.4772965181786,149.2727784,138.700975011808,205.9990088,4999,1250,3,1,5
43.3759217130092,32.57896,38.9098944557396,34.60348,499,50,6,1,5
42.5321607332503,81.3397,51.0597244372923,97.447,1999,50,6,1,5
185.13982911275,134.01218,257.91071620754,158.75352,4999,50,6,1,5
18.8969736778641,33.450792,18.3849508217395,35.994052,499,250,6,1,5
50.6217848250332,103.170888,30.4969711236418,112.617244,1999,250,6,1,5
120.962689399545,169.924032,76.3761526635778,192.198528,4999,250,6,1,5
15.9977289360594,42.617836,14.301213106016,45.5012976,499,1250,6,1,5
31.4805441319374,67.7124032,26.7828006948057,71.2016264,1999,1250,6,1,5
44.8301920909231,122.4487656,63.4145010308027,137.3970872,4999,1250,6,1,5
14.8170817458935,83.63544,18.9517435069488,89.64062,499,50,9,1,5
121.645754273875,185.39094,99.3460169206326,216.10474,1999,50,9,1,5
111.951536877511,115.6014,101.974627151641,117.48124,4999,50,9,1,5
20.2687023237141,80.300408,12.1657018534596,85.557464,499,250,9,1,5
29.0856778930839,90.269788,56.0341355484762,101.557608,1999,250,9,1,5
43.652714918574,147.305584,35.1834543109835,157.822404,4999,250,9,1,5
11.1648465349651,103.2529008,11.8476562255988,112.1055872,499,1250,9,1,5
24.7748476413172,86.2714408,23.4363006290655,93.2050912,1999,1250,9,1,5
54.7341012771502,57.7021232,47.4127367192971,58.310292,4999,1250,9,1,5
32.3136389500309,70.24312,30.1639617167247,77.67048,499,50,3,3,5
105.669898568316,106.5588,88.2645916238699,113.08038,1999,50,3,3,5
126.052054444658,73.6815,91.5131106281183,81.98954,4999,50,3,3,5
77.462946470198,149.77076,63.3429736728115,145.305972,499,250,3,3,5
25.1368443178341,104.142636,62.6234438111929,133.010008,1999,250,3,3,5
110.285790901697,120.746304,137.707883620671,143.600896,4999,250,3,3,5
46.742298429748,126.3200112,50.5580400940088,137.4405912,499,1250,3,3,5
26.6342456886018,94.6422232,53.4361489069016,111.4589168,1999,1250,3,3,5
43.5935463643769,54.1827488,46.6628311959664,55.0564144,4999,1250,3,3,5
57.792953550002,42.77588,41.8709044504647,48.95726,499,50,6,3,5
128.224171968075,268.71914,103.801062201462,303.01938,1999,50,6,3,5
116.701816887575,92.39476,129.680419786282,95.19798,4999,50,6,3,5
7.63694355565092,55.498012,27.7941164819871,67.852848,499,250,6,3,5
65.4522779005222,75.21364,57.1395450442652,80.819348,1999,250,6,3,5
43.017660760293,94.384624,49.0094203287571,99.806332,4999,250,6,3,5
9.50533749263002,80.416036,23.9334398616982,88.0069864,499,1250,6,3,5
16.3635855534471,65.3214896,17.8361849428408,68.5470936,1999,1250,6,3,5
41.2497939301339,118.6667744,55.2107857992447,128.2070168,4999,1250,6,3,5
15.2152083633257,90.41976,28.8618911556064,99.68334,499,50,9,3,5
84.4690260426241,92.35182,73.6209108119533,99.63834,1999,50,9,3,5
107.875531876048,150.26862,88.8567138056779,161.13726,4999,50,9,3,5
8.51342984338102,38.999812,15.2529369308024,43.3193,499,250,9,3,5
31.5404462355474,107.88104,34.5476047029387,115.279656,1999,250,9,3,5
41.3257115002364,91.46102,48.1058175940867,94.106272,4999,250,9,3,5
45.4765978349534,169.4204552,23.0319724936837,172.449128,499,1250,9,3,5
30.0788722309343,160.9433888,29.5937306893956,170.4726328,1999,1250,9,3,5
19.4347419348992,127.5513816,29.77225167155,130.5131224,4999,1250,9,3,5
50.2628846267828,102.7916,42.2939296611458,107.40402,499,50,3,0.5,1
109.990036012841,97.21614,95.9392057812659,135.49264,1999,50,3,0.5,1
101.41203200035,68.4356,122.063564601856,74.1245,4999,50,3,0.5,1
20.4241824863166,79.337076,30.3325170569359,90.973436,499,250,3,0.5,1
38.9349426579416,76.253416,34.6126297318853,88.676364,1999,250,3,0.5,1
92.1454768635296,60.040496,90.6617920877318,61.123856,4999,250,3,0.5,1
10.5779592627999,36.5945352,12.6575416488609,41.7948992,499,1250,3,0.5,1
21.3376360451708,36.59046,24.8003039264782,46.0223976,1999,1250,3,0.5,1
107.533265962149,56.6828816,50.84007480064,57.5095392,4999,1250,3,0.5,1
24.0117893792839,50.27724,28.5773134103225,54.07644,499,50,6,0.5,1
66.156930235858,143.3008,47.4572742757764,147.10114,1999,50,6,0.5,1
116.164599687398,128.64744,167.048402324716,131.12772,4999,50,6,0.5,1
22.1847597922531,97.243512,17.7508803724688,105.31574,499,250,6,0.5,1
57.1646267539824,133.74252,48.3643101948155,148.337988,1999,250,6,0.5,1
42.1540714111245,60.392552,53.705711462885,61.3791,4999,250,6,0.5,1
22.5287058241096,71.8534912,26.6466520561485,79.9036552,499,1250,6,0.5,1
10.2599575487594,59.4512952,10.5666326086265,60.7553552,1999,1250,6,0.5,1
96.8785937738827,137.8723584,47.2546034578215,142.6573824,4999,1250,6,0.5,1
23.5000880034148,124.5586,41.5335498824906,140.95478,499,50,9,0.5,1
155.932492470551,119.8052,168.834083284327,122.62652,1999,50,9,0.5,1
148.544761359375,125.83502,88.7344497946312,134.84936,4999,50,9,0.5,1
16.1516929379259,99.214728,35.8427613051065,111.385764,499,250,9,0.5,1
80.940144389291,103.628176,44.3448922924195,109.831668,1999,250,9,0.5,1
119.506886691054,73.245984,80.3686059452114,75.611824,4999,250,9,0.5,1
11.8611240977671,137.8161912,53.6089393895844,153.7579544,499,1250,9,0.5,1
32.9697888394375,57.123172,17.9388633352805,58.95152,1999,1250,9,0.5,1
43.575408419327,103.5668032,33.5714023378456,107.3382576,4999,1250,9,0.5,1
70.853935673364,122.24198,69.8594444399011,165.18212,499,50,3,1,1
93.5849362864509,288.72672,102.654765492058,319.03806,1999,50,3,1,1
148.051831918177,53.40604,134.143322904513,54.54574,4999,50,3,1,1
33.9371853394469,46.369012,43.8536366459376,59.876232,499,250,3,1,1
12.8815094322985,68.99234,30.0083467742965,72.994036,1999,250,3,1,1
77.5301949544243,158.80632,95.0146199811399,172.382312,4999,250,3,1,1
20.3141494959297,49.6960752,31.1387772790731,61.8019592,499,1250,3,1,1
19.4583492507653,43.2475496,19.3454764985985,46.2907304,1999,1250,3,1,1
49.8260618239587,130.2427416,55.3070997658526,145.0843984,4999,1250,3,1,1
17.4549985263658,71.65036,17.1003326221313,88.2786,499,50,6,1,1
51.9264828898416,81.31402,62.056726495251,83.35072,1999,50,6,1,1
172.552177102178,98.42184,162.325311276623,101.51572,4999,50,6,1,1
22.2186198818934,61.996388,15.2558607377668,67.15234,499,250,6,1,1
20.8691705700017,72.22212,42.1596449879149,79.230156,1999,250,6,1,1
87.89326876157,175.423136,75.7215498071235,185.462156,4999,250,6,1,1
14.07608984785,88.8703128,21.9903385837676,97.1614536,499,1250,6,1,1
35.2875779544036,64.4714248,45.8311837677388,71.8568096,1999,1250,6,1,1
76.1159441489322,108.6993432,62.1197690214825,115.5775632,4999,1250,6,1,1
47.7567651953298,69.0879,39.8970404567109,69.73146,499,50,9,1,1
39.6042483811972,110.2798,55.3622990955254,119.31652,1999,50,9,1,1
164.87886194664,95.93316,178.113742166558,94.23146,4999,50,9,1,1
18.4983768162721,82.816188,15.9097390330671,92.347232,499,250,9,1,1
33.6732857043616,143.161552,40.6278429402226,154.410672,1999,250,9,1,1
38.2256970450922,88.248128,45.1979250842748,91.010628,4999,250,9,1,1
36.2334607663225,128.2311448,19.753611780723,140.2640424,499,1250,9,1,1
18.9159113477307,106.243748,17.0277694670415,112.534668,1999,1250,9,1,1
24.496372434428,75.3814648,29.7225055094452,77.025436,4999,1250,9,1,1
46.2847319673239,37.89566,47.600394406262,43.55552,499,50,3,3,1
23.611647766947,52.49034,40.9858348012327,63.92202,1999,50,3,3,1
170.690080548435,49.97438,176.049161296994,50.57166,4999,50,3,3,1
10.4924962409256,51.674888,35.2496480557712,71.994872,499,250,3,3,1
42.1014619660937,65.23482,61.9882582780372,76.23186,1999,250,3,3,1
57.5285976325687,61.43554,70.9475463440588,62.754512,4999,250,3,3,1
14.2387971674919,69.5642584,19.1360226023402,80.724392,499,1250,3,3,1
20.8867641112344,60.8815104,60.034907279436,91.1394648,1999,1250,3,3,1
61.3741117489364,147.6323672,75.4641180660129,160.4010656,4999,1250,3,3,1
31.4460921961854,80.07666,17.2452612353921,85.7477,499,50,6,3,1
65.7721338140293,73.12504,59.0651905638439,79.17086,1999,50,6,3,1
143.639307053009,63.92936,139.68197814057,68.82782,4999,50,6,3,1
23.1659793518305,119.360704,60.0074401412028,145.193948,499,250,6,3,1
26.2688619677261,76.65324,39.833247288474,85.246736,1999,250,6,3,1
59.5456704983839,81.973276,61.9233972020926,85.624728,4999,250,6,3,1
7.99339063703127,54.3610648,7.3809222154154,57.7102888,499,1250,6,3,1
18.0660873141085,82.3606944,27.1291477826837,88.3966952,1999,1250,6,3,1
64.7487335373879,87.004664,56.1174286003066,92.3765912,4999,1250,6,3,1
30.6768052942298,50.42958,32.8329378301035,53.27236,499,50,9,3,1
83.7136311836308,243.11686,39.9912809564355,280.98204,1999,50,9,3,1
223.242232680204,61.27394,228.143094563659,61.03718,4999,50,9,3,1
11.3253394451819,57.50074,14.5302673883846,63.145168,499,250,9,3,1
40.1719479404666,53.697076,40.1292749113652,55.09976,1999,250,9,3,1
154.459515167433,97.746976,148.524514973344,101.421652,4999,250,9,3,1
11.1618573556521,86.4531984,32.8748016787071,100.7920616,499,1250,9,3,1
21.2046096594484,228.508136,37.7292111659739,254.0232752,1999,1250,9,3,1
81.3463967882634,139.36768,50.3384753822264,144.5916896,4999,1250,9,3,1
21.5449947493152,37.95178,24.8046165818074,44.98528,499,50,3,0.5,3
61.0225462776103,87.39166,45.4924464293784,104.62158,1999,50,3,0.5,3
184.727759073722,66.58582,219.800051977813,68.4664,4999,50,3,0.5,3
16.2871386172214,37.44714,18.9066809091952,42.304356,499,250,3,0.5,3
36.8197237080142,62.963424,18.4994955674184,65.226072,1999,250,3,0.5,3
45.5472253496254,91.803244,82.1866243298029,99.60338,4999,250,3,0.5,3
26.1344983242653,40.1835544,30.6907617181662,44.9402136,499,1250,3,0.5,3
31.6537593783668,218.4302512,184.56269473828,341.5702296,1999,1250,3,0.5,3
41.4910771012661,169.1202952,67.7905439295381,189.3810208,4999,1250,3,0.5,3
69.4211821065189,126.81364,33.6592774345001,156.62006,499,50,6,0.5,3
85.7461515347577,62.77988,89.2208948590851,67.07696,1999,50,6,0.5,3
256.342562942526,90.13676,116.670651540703,95.85776,4999,50,6,0.5,3
21.5283942093018,95.192572,45.5145735401972,127.03816,499,250,6,0.5,3
40.6673577740648,127.901776,31.2557696031877,134.6453,1999,250,6,0.5,3
83.2673964486124,92.817408,43.7171455335288,93.477444,4999,250,6,0.5,3
12.874584682033,50.4505216,16.6711466241156,55.189488,499,1250,6,0.5,3
22.746254007614,68.6381984,22.5044397646707,72.3974096,1999,1250,6,0.5,3
57.3640976767969,214.6093816,54.2681917180768,233.1609344,4999,1250,6,0.5,3
17.5437763899658,48.56326,24.228630446557,54.1449,499,50,9,0.5,3
70.3297302309393,89.18124,44.7934247458967,105.08878,1999,50,9,0.5,3
115.15447472209,58.58676,167.467589674541,58.29586,4999,50,9,0.5,3
101.936533615276,142.998564,16.0165116670636,157.426056,499,250,9,0.5,3
99.3348375551377,69.693388,74.2952104926337,71.789336,1999,250,9,0.5,3
72.7413326932718,188.047616,56.5962421585636,192.913844,4999,250,9,0.5,3
8.66201515354089,47.2989584,8.05106482273279,49.5794472,499,1250,9,0.5,3
39.3316871498039,262.5845576,64.9814802830261,299.543632,1999,1250,9,0.5,3
70.1161567388821,123.5708896,70.4836136323171,127.9903752,4999,1250,9,0.5,3
27.0018771965695,43.33424,27.9714523439453,47.48414,499,50,3,1,3
43.1937642630783,67.77176,62.4100343379682,89.70666,1999,50,3,1,3
65.563887764695,79.6627,71.8175453057939,84.56724,4999,50,3,1,3
61.2269769014151,156.804968,39.2925832311838,170.3708,499,250,3,1,3
54.0287869110989,80.167812,43.0929587327355,86.547512,1999,250,3,1,3
28.5589686330182,165.478084,79.1653431392503,198.42472,4999,250,3,1,3
22.2423547860301,85.4609216,33.6989796800407,98.8806856,499,1250,3,1,3
25.4981940425586,108.0197232,56.3653568702318,134.5086632,1999,1250,3,1,3
46.1195947374854,155.7503824,58.9521946819033,176.4040056,4999,1250,3,1,3
13.5162944721765,34.71912,18.5113263692677,43.7684,499,50,6,1,3
60.7023604232924,83.7925,57.2627691932007,94.05124,1999,50,6,1,3
147.719339657351,59.86378,153.002535259087,63.43092,4999,50,6,1,3
9.58163663963635,34.197168,12.6886937492887,38.648988,499,250,6,1,3
89.6372958859581,104.967768,101.709191049387,115.88448,1999,250,6,1,3
50.6368143843459,104.278852,54.4309995382028,109.754356,4999,250,6,1,3
33.0591648637199,90.8351544,26.9201718786659,94.2852288,499,1250,6,1,3
16.1994496052543,42.7521536,10.2992906336037,44.593248,1999,1250,6,1,3
30.6284069154523,93.7628312,40.0034211054606,98.5261896,4999,1250,6,1,3
22.7831244529298,61.97292,19.063015534957,69.54864,499,50,9,1,3
114.71329408033,158.04186,71.1231911677231,187.79444,1999,50,9,1,3
175.985265388109,162.111,173.04686843349,169.1116,4999,50,9,1,3
17.2372000058898,54.240016,27.6375418529878,61.73622,499,250,9,1,3
84.7542645615847,115.84496,33.1110259576519,119.021816,1999,250,9,1,3
92.4354442491042,112.815348,99.9724543544874,114.866264,4999,250,9,1,3
68.5952300468284,133.896952,14.115938597562,156.7037368,499,1250,9,1,3
25.4744153213573,49.8724096,39.4141912660778,52.263464,1999,1250,9,1,3
44.0703646595237,96.2184352,54.1872197441435,100.1488328,4999,1250,9,1,3
25.7043576674437,64.86358,23.5014899248578,70.832,499,50,3,3,3
48.3345196427778,111.03184,73.3059012483795,141.67762,1999,50,3,3,3
122.048629878643,55.68122,137.505602554886,55.78106,4999,50,3,3,3
31.3098750374021,76.727728,32.0543709131232,81.4044,499,250,3,3,3
36.0923091844565,62.3002,36.2808955101269,67.958928,1999,250,3,3,3
60.8408276412805,66.888168,49.7029600999135,68.077348,4999,250,3,3,3
28.196615712243,111.3098632,39.8138760049222,127.7088344,499,1250,3,3,3
30.4627378982418,100.0517424,37.6032555469272,112.4498368,1999,1250,3,3,3
84.6705067985448,130.0725496,60.6084731593835,143.695496,4999,1250,3,3,3
58.5786354628509,126.97384,22.041203941528,126.66024,499,50,6,3,3
57.8871281207577,69.61482,50.5442335373284,75.03434,1999,50,6,3,3
118.346091485946,68.66986,131.000338877852,69.6681,4999,50,6,3,3
21.3098740028794,125.925812,24.9411431272469,143.794704,499,250,6,3,3
17.3279322725377,62.380332,22.5968856890454,66.213988,1999,250,6,3,3
72.2051312759553,85.71666,80.1472160480232,89.283828,4999,250,6,3,3
9.30031436921951,61.9881064,10.5447912493933,67.1560648,499,1250,6,3,3
35.9347954838023,246.78044,36.4111757534449,269.3431216,1999,1250,6,3,3
35.4532837284941,97.1268096,39.1686244977505,102.572364,4999,1250,6,3,3
29.5620413286875,70.14804,28.2495507925771,72.98164,499,50,9,3,3
73.2051789697583,111.56724,53.7893746800724,114.0122,1999,50,9,3,3
163.144080026288,86.71312,176.3115367478,84.02058,4999,50,9,3,3
23.0462512396589,93.162916,31.7797260631161,106.854584,499,250,9,3,3
46.4712725326112,118.80668,40.1902869584637,124.842468,1999,250,9,3,3
111.025999917053,79.194796,103.379933342218,80.781264,4999,250,9,3,3
7.54287750356426,70.6162952,9.76693342086717,74.4404304,499,1250,9,3,3
40.2382773082111,57.6044592,21.9361170481864,58.6049864,1999,1250,9,3,3
56.1186833265669,171.6552056,74.8855198462171,184.6325536,4999,1250,9,3,3
27.5148129762188,37.30834,25.7510916576946,40.83072,499,50,3,0.5,5
156.156014218654,123.85066,177.375930008207,160.0292,1999,50,3,0.5,5
197.818561867428,52.88954,255.738455868831,52.67394,4999,50,3,0.5,5
23.1595659404827,87.037368,58.9197975323018,127.30868,499,250,3,0.5,5
28.743240960897,103.506984,41.7685316350376,112.687728,1999,250,3,0.5,5
124.997191165308,60.843568,100.011731397174,64.242284,4999,250,3,0.5,5
10.0545282258658,28.1539616,16.2872086274257,33.8397904,499,1250,3,0.5,5
31.9419636202637,106.8898792,82.8338260268755,146.816308,1999,1250,3,0.5,5
31.7997277911838,98.2483224,61.844214570003,114.7718632,4999,1250,3,0.5,5
31.204224967618,67.61012,16.1279137861143,71.97256,499,50,6,0.5,5
89.9235955848846,231.09846,48.3359885740472,255.95322,1999,50,6,0.5,5
252.849643313734,91.14854,190.08391056694,94.68554,4999,50,6,0.5,5
50.1989908400207,132.676344,14.3117979421667,139.057852,499,250,6,0.5,5
68.5053147554942,147.973868,79.4734764621036,166.412948,1999,250,6,0.5,5
63.6814342507963,84.849544,103.513029864921,88.957448,4999,250,6,0.5,5
16.4732060552772,56.954364,20.3639949537428,64.3410392,499,1250,6,0.5,5
28.2615465081844,124.9776864,35.2620497017232,142.6890288,1999,1250,6,0.5,5
112.674837054551,60.8502968,48.403028379588,62.1883736,4999,1250,6,0.5,5
46.6007257451355,109.60688,24.8330576153857,123.94968,499,50,9,0.5,5
133.387793449196,52.04558,129.524230627014,54.02314,1999,50,9,0.5,5
128.304028916692,204.37812,113.710953550231,211.87038,4999,50,9,0.5,5
13.3089816115608,39.329884,10.1512421609343,41.436648,499,250,9,0.5,5
77.7953747492507,259.83092,66.035340317838,284.91494,1999,250,9,0.5,5
53.0460888998712,92.937664,86.8249197900842,95.88274,4999,250,9,0.5,5
29.7613491605813,134.6711472,16.9421216896523,141.8652776,499,1250,9,0.5,5
32.1305695862973,116.5734288,35.5072737420115,124.9168632,1999,1250,9,0.5,5
57.8898749573787,188.885748,83.4592263155481,209.9878544,4999,1250,9,0.5,5
25.5986951097013,42.37578,27.0387998553768,49.0233,499,50,3,1,5
143.35249102127,58.03848,167.319984359542,61.13654,1999,50,3,1,5
273.39751806909,57.26316,243.057591260766,58.24248,4999,50,3,1,5
36.1972781716101,73.594752,76.6175318973149,108.810128,499,250,3,1,5
36.0581769478333,70.005392,59.098894891481,89.780668,1999,250,3,1,5
75.5032033887699,180.33832,128.201523746544,205.951916,4999,250,3,1,5
14.9589929257691,45.7147776,41.9808212529757,67.1482936,499,1250,3,1,5
34.1190435920986,91.9089512,40.3755864144839,104.3891376,1999,1250,3,1,5
107.923386802882,101.7547416,17.2808700641208,105.0045072,4999,1250,3,1,5
31.7197731258065,51.88318,31.1668484557667,53.50048,499,50,6,1,5
113.141125856733,57.83304,103.479464539811,59.49546,1999,50,6,1,5
345.696994986973,308.69438,275.456755221075,336.65778,4999,50,6,1,5
11.7245049214731,48.496164,13.6611126928729,50.362216,499,250,6,1,5
82.1783481449463,161.61628,115.066047330646,196.670492,1999,250,6,1,5
69.0841108629493,189.683212,65.9413776149217,224.35168,4999,250,6,1,5
6.83568431611655,49.55322,10.1175189262176,53.1993024,499,1250,6,1,5
31.6308291974442,73.7589944,22.6161039125723,77.4843496,1999,1250,6,1,5
60.965814299207,144.3713104,70.2963259960189,153.6019208,4999,1250,6,1,5
24.0987999763347,50.59836,19.3871187844423,50.01916,499,50,9,1,5
131.612537936919,233.44546,73.4468141083085,251.21446,1999,50,9,1,5
176.508949900771,73.21246,180.507618262327,74.57376,4999,50,9,1,5
19.6782155533363,47.404252,20.0296364872644,49.704884,499,250,9,1,5
45.2524010309727,121.663928,41.20992629357,129.527916,1999,250,9,1,5
48.7627499821493,97.138904,37.2874362884821,99.295844,4999,250,9,1,5
12.3230408116056,45.4460256,17.9414678113277,50.2733312,499,1250,9,1,5
62.1015575722857,284.8404816,66.1826270715546,322.1089616,1999,1250,9,1,5
26.4460800999899,107.5128176,34.3826231902861,116.1566544,4999,1250,9,1,5
31.6076641856458,71.23344,30.0181627714922,86.552,499,50,3,3,5
110.143411733173,128.17214,96.177536252388,154.48944,1999,50,3,3,5
365.887352589719,66.52446,362.862942951745,66.09176,4999,50,3,3,5
11.8856847252262,49.002812,12.2140256200146,51.488616,499,250,3,3,5
52.5008207541166,62.873428,47.6468150011154,68.983164,1999,250,3,3,5
61.3201829382368,58.662276,44.9378679655906,61.634008,4999,250,3,3,5
18.9284987659158,45.834944,23.5319787940238,54.3089864,499,1250,3,3,5
53.8583111956003,89.335128,74.2419869162734,114.7405632,1999,1250,3,3,5
43.943281769055,183.0659408,76.3543775454829,215.6222712,4999,1250,3,3,5
46.1128596177807,60.3198,52.3201262111785,68.8193,499,50,6,3,5
92.4144650322208,128.56662,68.3346176647146,123.52812,1999,50,6,3,5
103.096244163769,175.51018,89.6472999650558,200.06658,4999,50,6,3,5
36.3580837608004,82.749884,24.4752088249878,90.804824,499,250,6,3,5
22.0442176252235,60.81802,16.9088472360782,63.944104,1999,250,6,3,5
69.5142250466443,144.120084,84.3833811281834,151.62546,4999,250,6,3,5
29.0855437793073,120.6543264,54.172188237876,155.3420472,499,1250,6,3,5
24.2871799931393,51.782884,37.8468695706598,54.1679144,1999,1250,6,3,5
45.2995123615232,144.216972,58.5179228941834,152.0515392,4999,1250,6,3,5
24.4338474742732,53.53592,32.0555087815519,56.86234,499,50,9,3,5
53.0341606837222,112.44558,41.6978195808507,135.55312,1999,50,9,3,5
142.365608837148,114.78454,154.74831674294,120.56952,4999,50,9,3,5
28.4109366695179,131.411436,32.4866591949543,160.340324,499,250,9,3,5
49.4582987803719,77.328096,44.8412948016954,81.462552,1999,250,9,3,5
63.9106427591498,145.469052,61.260614314841,152.941496,4999,250,9,3,5
6.71422167768934,43.1076608,9.67161717535159,45.6654856,499,1250,9,3,5
21.0506982335727,91.6096936,17.0989062697904,95.3552096,1999,1250,9,3,5
44.5574576167481,56.9502272,55.8643982905376,57.864364,4999,1250,9,3,5
65.7625096122369,99.3101,28.9399590693674,95.63072,499,50,3,0.5,1
103.791042336997,130.8652,76.8168842536173,166.01576,1999,50,3,0.5,1
353.800805709724,59.99938,281.638256270234,63.42268,4999,50,3,0.5,1
19.7459009389212,70.541896,31.0854067328938,80.212116,499,250,3,0.5,1
70.695613490666,164.441524,155.63806955536,239.843564,1999,250,3,0.5,1
92.8367942744224,113.66562,66.4281980481166,118.711372,4999,250,3,0.5,1
14.7442596360555,68.836788,18.3409792962376,80.2536696,499,1250,3,0.5,1
25.5050859092986,112.4685648,71.4579571810164,143.0290512,1999,1250,3,0.5,1
43.4838366118728,184.3087288,54.9532873152302,198.6201272,4999,1250,3,0.5,1
32.485876987196,49.44862,29.2971937159015,52.17918,499,50,6,0.5,1
45.659766146835,118.65274,38.8331654415947,112.3649,1999,50,6,0.5,1
90.1403773296277,121.02238,141.533373157623,119.41128,4999,50,6,0.5,1
20.6756726026811,45.856136,23.7724154784975,48.029108,499,250,6,0.5,1
96.145986195896,60.989488,107.325345899116,63.705828,1999,250,6,0.5,1
78.4102318644521,103.128876,61.187485664026,106.427736,4999,250,6,0.5,1
24.1726009878002,53.5668296,15.4558730890447,54.6503184,499,1250,6,0.5,1
43.2267289151459,108.6703112,38.3522088349833,118.5112848,1999,1250,6,0.5,1
21.2263319058006,186.6793632,71.9542531276262,197.3584456,4999,1250,6,0.5,1
31.8006961079853,37.14058,21.6451729674121,41.0173,499,50,9,0.5,1
68.8987088450873,119.515,31.2063278641554,134.24384,1999,50,9,0.5,1
133.204003054441,173.98318,146.283144723057,179.08436,4999,50,9,0.5,1
8.80087051684794,43.857552,11.1180684958996,45.043628,499,250,9,0.5,1
36.1553738455458,101.368892,31.8122623362725,110.124208,1999,250,9,0.5,1
141.21516542446,95.807616,100.581476520428,97.244456,4999,250,9,0.5,1
16.3865100748755,111.2254216,19.1808508917604,121.602072,499,1250,9,0.5,1
42.4528807432302,91.9425408,22.3730023975356,94.1545656,1999,1250,9,0.5,1
41.8994439719536,114.3482968,66.0762581804613,117.2849808,4999,1250,9,0.5,1
24.3356273842628,51.7965,24.7150876405628,56.4787,499,50,3,1,1
80.9400376883043,55.00764,85.241628720469,65.87132,1999,50,3,1,1
98.2456493630579,78.55128,98.961155782022,85.2323,4999,50,3,1,1
10.8196221028667,49.995676,19.2157311727677,59.834848,499,250,3,1,1
44.4420076648444,145.795172,45.0185300284024,163.173324,1999,250,3,1,1
32.5506559173208,159.652916,97.4615650952396,202.005544,4999,250,3,1,1
20.791700511245,51.5865544,36.4881408179966,64.3457112,499,1250,3,1,1
54.0973425531658,275.2624912,81.5293956891498,321.030508,1999,1250,3,1,1
38.6137126949101,132.2770064,52.7179373191667,143.4279752,4999,1250,3,1,1
68.4362776261526,134.87086,54.3386384765866,149.87276,499,50,6,1,1
38.953299337268,131.16618,90.9590410566435,172.8033,1999,50,6,1,1
147.268597285019,195.9762,164.363232441747,217.25558,4999,50,6,1,1
13.8662195660141,54.188648,18.8428608816525,60.797248,499,250,6,1,1
25.517827567451,68.438388,31.9552729678508,73.254284,1999,250,6,1,1
88.0834142512069,62.034944,88.9555777268459,63.306624,4999,250,6,1,1
13.3126802165685,95.4742344,14.9430377673212,101.7683992,499,1250,6,1,1
44.3596280343726,191.9368776,52.3706740625893,207.1841616,1999,1250,6,1,1
81.444136495364,129.3384744,57.0048596267116,144.1765312,4999,1250,6,1,1
84.5607817817909,77.23214,63.0833873679597,89.92028,499,50,9,1,1
71.8633187589969,125.2988,104.547666731646,128.8259,1999,50,9,1,1
434.534348827617,86.4634,518.704353981809,89.6711,4999,50,9,1,1
20.9829977381921,61.259864,15.5183097752232,63.815832,499,250,9,1,1
97.4759558295518,224.693344,120.192195208107,271.298956,1999,250,9,1,1
68.1059198019498,154.239752,85.2806309140589,161.410392,4999,250,9,1,1
14.9355520740925,91.2992224,14.3100904059499,98.871948,499,1250,9,1,1
34.523671545286,252.3312768,63.5622046047915,281.745696,1999,1250,9,1,1
91.0877955065018,143.8403744,71.6529433385419,150.2526032,4999,1250,9,1,1
24.2887605968122,46.09798,43.2535707016986,58.97952,499,50,3,3,1
58.4125332801178,122.83742,73.0961923179736,139.7822,1999,50,3,3,1
388.881197942133,67.7807,383.713667885548,80.54174,4999,50,3,3,1
32.8803141502894,105.927884,52.1821904460658,115.53942,499,250,3,3,1
25.9276880484134,89.001944,78.1454201685835,131.11696,1999,250,3,3,1
47.8461780690488,97.354112,51.5947172923476,99.274832,4999,250,3,3,1
59.5471011560738,135.1506816,39.6388532238974,155.8988704,499,1250,3,3,1
13.4951575112107,133.933048,60.0105667618867,161.7431176,1999,1250,3,3,1
36.748702794746,140.8685368,69.1065458798221,155.1164728,4999,1250,3,3,1
17.3347818339439,59.06056,18.3342483201821,63.09174,499,50,6,3,1
119.437771788733,172.8919,111.536951004193,202.90676,1999,50,6,3,1
148.542838799661,95.75998,130.879537899265,98.72862,4999,50,6,3,1
27.3681971861143,68.151252,38.6880324382969,76.218096,499,250,6,3,1
42.2655756671761,68.42668,41.141342660961,82.55048,1999,250,6,3,1
86.9687097665496,181.198064,107.963522573206,194.704644,4999,250,6,3,1
12.9389089353932,136.96472,32.8217183072319,146.6334088,499,1250,6,3,1
19.4048936060736,50.0883992,19.7434816578109,51.0816104,1999,1250,6,3,1
37.4002148422734,63.6401704,26.9084416719572,64.3198208,4999,1250,6,3,1
27.8185869677624,63.89036,14.7042319410196,65.46922,499,50,9,3,1
81.8889604479415,147.75516,84.73260247744,154.99342,1999,50,9,3,1
115.991098447984,198.72766,107.632998177329,235.32314,4999,50,9,3,1
12.559020700069,77.337224,23.3576740372747,84.58974,499,250,9,3,1
30.8575423427648,195.44634,47.8643055655407,210.314212,1999,250,9,3,1
91.4521787008391,163.877344,75.16862181552,172.522592,4999,250,9,3,1
66.4888521679647,125.0302256,35.4822215004104,118.1541224,499,1250,9,3,1
15.7336723351679,92.0012728,19.7015344261271,96.1820688,1999,1250,9,3,1
50.985212232076,58.722648,63.8865370676573,59.391244,4999,1250,9,3,1
44.0594313050931,61.24168,32.1952944401439,66.2721,499,50,3,0.5,3
99.8748404785035,157.16988,67.4404055125683,151.53292,1999,50,3,0.5,3
224.382191005935,101.51282,104.824922670555,106.65148,4999,50,3,0.5,3
22.7504115142716,81.60198,74.4759464337286,133.934556,499,250,3,0.5,3
60.2731324715073,124.40244,116.153573353677,170.088312,1999,250,3,0.5,3
183.968429059363,164.247592,197.612807309897,200.479476,4999,250,3,0.5,3
68.9229135702888,100.5704432,58.3442570243357,104.387228,499,1250,3,0.5,3
25.8282828530657,87.8836792,48.3519568711104,109.5590048,1999,1250,3,0.5,3
49.0488139895252,74.952076,30.882301739133,77.9466888,4999,1250,3,0.5,3
23.4057979963361,46.6223,21.4799044447997,52.6194,499,50,6,0.5,3
56.7954570390997,70.34108,72.4061584084353,74.22022,1999,50,6,0.5,3
127.937310502253,90.74368,116.49631447992,91.09092,4999,50,6,0.5,3
16.698658729688,33.55956,20.2098706941552,39.13078,499,250,6,0.5,3
29.4507655724461,75.565204,23.7190830499818,81.79346,1999,250,6,0.5,3
58.7148310801262,106.494936,58.2645448780676,113.070956,4999,250,6,0.5,3
9.07828538302132,36.93596,12.8411818619152,40.8936392,499,1250,6,0.5,3
86.5778784994702,108.6415472,70.9869925786645,124.9968984,1999,1250,6,0.5,3
76.337726408523,98.1794464,74.8040660939834,105.2313264,4999,1250,6,0.5,3
30.4181506217847,81.79906,24.0121817084766,91.29708,499,50,9,0.5,3
96.5158424067271,81.0693,117.882602392136,86.35614,1999,50,9,0.5,3
152.702318137035,92.84478,161.235578110418,93.33862,4999,50,9,0.5,3
12.7068729414913,57.438172,18.5189147425766,63.6953,499,250,9,0.5,3
33.4109516829063,212.700128,59.4265268407602,234.816228,1999,250,9,0.5,3
209.945296895295,167.4684,62.1644443109444,176.618908,4999,250,9,0.5,3
14.627184001609,76.184984,12.9797482115514,82.7446624,499,1250,9,0.5,3
27.1304181320093,81.9942888,25.5339922777274,85.3597592,1999,1250,9,0.5,3
209.747999566623,83.5853088,44.72583895313,84.9701304,4999,1250,9,0.5,3
10.8959143276532,21.05382,17.3145778106479,31.12152,499,50,3,1,3
43.9496749733117,48.79866,45.9407433629628,49.89626,1999,50,3,1,3
264.609107724902,108.8507,290.969672060967,115.58482,4999,50,3,1,3
37.8916643454869,80.474692,43.3148107873069,89.6738,499,250,3,1,3
30.3923223778698,100.516552,110.238406351669,163.356572,1999,250,3,1,3
87.1484850219535,141.725284,71.1450070072494,158.277772,4999,250,3,1,3
31.3417546687662,58.1160144,16.091054669139,64.7664728,499,1250,3,1,3
19.9045673486878,42.5434864,16.5671512424807,44.1735208,1999,1250,3,1,3
11.8253522588981,96.1044416,30.8110209377917,107.0084952,4999,1250,3,1,3
14.2985741695336,37.79484,13.2504030649954,39.1194,499,50,6,1,3
88.1879807341669,155.7054,141.808217224858,157.81548,1999,50,6,1,3
103.9245163066,50.10456,132.947795901327,50.54226,4999,50,6,1,3
15.2212993347961,85.09338,20.1114505303094,93.242768,499,250,6,1,3
61.1419056862216,105.966548,71.7877018628813,130.607056,1999,250,6,1,3
139.255722885991,57.972736,138.656407138519,58.336268,4999,250,6,1,3
10.8414940084808,37.6411032,16.9598863468855,41.6463296,499,1250,6,1,3
31.7925667777813,142.5191488,22.2625427872376,151.018152,1999,1250,6,1,3
51.939945549941,157.3196816,57.3755785805275,169.7516904,4999,1250,6,1,3
28.1786863964886,60.61912,36.4366749993435,66.41542,499,50,9,1,3
48.2946522348689,53.54952,50.9461352483157,55.3853,1999,50,9,1,3
205.267016473723,60.14032,197.46834441724,64.04568,4999,50,9,1,3
17.6240353669329,141.755308,21.5109456741088,151.135104,499,250,9,1,3
59.7468477638486,54.714916,54.7945404139175,59.12842,1999,250,9,1,3
129.656616313016,103.186896,159.441845826696,105.277544,4999,250,9,1,3
8.09025708354913,74.455992,12.1044175841915,81.4268408,499,1250,9,1,3
15.4902998149814,46.8445056,7.52154598290179,47.7332224,1999,1250,9,1,3
23.8779717611401,88.2941288,20.388710940401,89.9338352,4999,1250,9,1,3
31.7771615780829,48.62172,39.3288932759761,56.91302,499,50,3,3,3
153.085840445482,102.41798,193.805316648381,122.55394,1999,50,3,3,3
162.528086287086,151.23686,170.925715276745,157.31338,4999,50,3,3,3
28.6357321155157,85.535108,43.4216838314554,101.970644,499,250,3,3,3
71.1438467145568,71.244164,76.0346388412307,79.00518,1999,250,3,3,3
74.2023783912006,168.38724,156.268768260026,193.642804,4999,250,3,3,3
22.6657923564221,98.1123096,52.0319188969907,124.0877744,499,1250,3,3,3
29.080698123166,85.7730208,26.7914345466413,94.6286648,1999,1250,3,3,3
40.8386782973463,107.1077472,22.5210804370884,110.9888992,4999,1250,3,3,3
52.537467631858,48.28006,37.3415842180904,52.72826,499,50,6,3,3
137.798162719123,131.48026,94.7828678065532,151.70136,1999,50,6,3,3
121.509962096688,61.5148,121.435449489178,62.51632,4999,50,6,3,3
10.1643295858409,92.760912,11.246171545031,98.681652,499,250,6,3,3
56.4378948236605,122.153952,58.3081426941157,132.179,1999,250,6,3,3
119.120373335927,95.47476,113.132999769045,97.187544,4999,250,6,3,3
11.2600521233318,50.1725168,17.1691712286335,55.2440008,499,1250,6,3,3
33.0456505721218,115.2027184,52.6754347769198,134.2338496,1999,1250,6,3,3
41.8397789364294,91.4388456,34.8875071684283,92.9004728,4999,1250,6,3,3
9.78480014044399,57.67462,16.0085831124849,64.8493,499,50,9,3,3
26.1672630493673,68.79918,24.902572976735,72.91384,1999,50,9,3,3
263.402749638104,86.14648,272.329749460394,89.2275,4999,50,9,3,3
21.8401368734011,84.173076,24.0630556061119,91.625996,499,250,9,3,3
56.8811830980266,90.55518,55.5819730352829,104.693364,1999,250,9,3,3
119.146336263504,214.2674,119.206253774135,231.860528,4999,250,9,3,3
11.3409206896701,75.5439552,29.4955612116347,90.0540688,499,1250,9,3,3
15.603117545219,47.4198664,16.6839827428309,48.1769288,1999,1250,9,3,3
47.320768071604,163.7050016,39.7950912029593,172.2026784,4999,1250,9,3,3
15.6619298711061,38.41532,16.8310593175434,41.36768,499,50,3,0.5,5
90.1674905551844,110.6318,148.169558012436,217.46582,1999,50,3,0.5,5
140.59907279312,65.49766,158.357255078024,65.7613,4999,50,3,0.5,5
19.2706119960633,42.354088,22.5680143399167,48.150064,499,250,3,0.5,5
33.7341356606276,93.68944,50.3347686438732,111.498508,1999,250,3,0.5,5
53.813463513626,120.926072,36.049757655551,125.937908,4999,250,3,0.5,5
27.9419942648296,57.1158184,30.8650160890824,69.3346384,499,1250,3,0.5,5
23.4576317604193,189.2042176,101.485623108303,264.2336696,1999,1250,3,0.5,5
43.9300264189118,153.3918816,69.9656511654448,172.6670824,4999,1250,3,0.5,5
16.6597134363551,47.3265,13.325463183651,48.83118,499,50,6,0.5,5
53.4444976313615,91.91622,54.3429508982313,94.5125,1999,50,6,0.5,5
322.929247802754,62.0952,137.39069010785,62.09934,4999,50,6,0.5,5
20.8548257528161,92.060992,38.8656037381965,113.200228,499,250,6,0.5,5
42.0713051842433,81.755724,38.5133219071018,93.443756,1999,250,6,0.5,5
64.7630264862954,126.620192,50.1918739075278,131.291444,4999,250,6,0.5,5
61.7095511103021,117.7188544,34.0181125524294,129.5262184,499,1250,6,0.5,5
24.9144374209955,136.3306552,35.3362781881761,150.4294152,1999,1250,6,0.5,5
147.943815622169,60.3642008,18.1843865035567,60.7729016,4999,1250,6,0.5,5
15.6706573796182,43.40406,17.8866715309078,44.15808,499,50,9,0.5,5
166.78393030417,84.07584,153.251809761982,89.79702,1999,50,9,0.5,5
80.63785756699,86.57534,168.351961915109,93.27822,4999,50,9,0.5,5
8.56249466614942,82.056908,14.2519916992275,89.140908,499,250,9,0.5,5
57.0014093449455,133.165456,49.0517759572186,141.882524,1999,250,9,0.5,5
109.768742988672,61.803828,57.8937042450672,62.418256,4999,250,9,0.5,5
9.77584899135293,94.9890992,14.4979362485799,102.4837168,499,1250,9,0.5,5
25.9499545983432,67.7864896,41.5615669358136,68.5204472,1999,1250,9,0.5,5
90.3337337320698,191.573192,42.2676486765663,211.1964712,4999,1250,9,0.5,5
42.8666206595712,82.5868,38.7989537747856,88.13522,499,50,3,1,5
75.5750491159193,62.8641,79.4313762746829,68.83818,1999,50,3,1,5
200.140206854921,79.73274,203.582713500167,82.29754,4999,50,3,1,5
23.6555677849439,68.509888,30.7794673702095,75.017976,499,250,3,1,5
21.8202626468406,110.791576,108.000924127784,156.337508,1999,250,3,1,5
37.5211911414268,95.181752,136.697568340846,98.765524,4999,250,3,1,5
20.404487717672,49.534864,26.0735997220951,56.6954296,499,1250,3,1,5
33.8082348491784,97.7680632,47.5574556833176,115.1984656,1999,1250,3,1,5
86.5160139996521,92.184992,28.1464757444946,95.4645472,4999,1250,3,1,5
29.4944504331401,80.75662,41.8130084144095,99.9041,499,50,6,1,5
132.238508191964,339.02874,92.1884043793253,346.72494,1999,50,6,1,5
135.202326979131,189.8457,169.960271321151,188.51588,4999,50,6,1,5
20.4352179768531,92.929064,42.6247313976185,106.028904,499,250,6,1,5
24.9090468957738,76.080732,27.3879063282047,83.062284,1999,250,6,1,5
108.127905996269,146.162132,152.825303182797,156.331732,4999,250,6,1,5
14.4146275571459,56.2336032,16.4800284723101,59.7894208,499,1250,6,1,5
12.4926912121692,53.8935504,13.892065521195,55.3564592,1999,1250,6,1,5
54.1132825045527,80.2645416,21.9322858005127,83.1107736,4999,1250,6,1,5
126.901674905238,175.69648,30.7444402671004,147.00946,499,50,9,1,5
83.2420964066347,51.63922,75.5754081373539,50.6029,1999,50,9,1,5
232.999929905476,61.1028,218.881233433641,61.68916,4999,50,9,1,5
65.6661985499829,134.310364,32.1463126365183,152.743896,499,250,9,1,5
33.9245718966376,91.182616,35.3626125720097,95.03804,1999,250,9,1,5
98.4410948111078,183.122412,125.475571615901,194.622616,4999,250,9,1,5
8.87241510717706,61.4323464,15.2853884169393,67.6465192,499,1250,9,1,5
24.4320977366065,129.2652144,39.6907960577297,140.9790816,1999,1250,9,1,5
80.25188268541,90.58212,46.1225680397823,92.9126632,4999,1250,9,1,5
30.2166157467794,27.04472,32.5405000534155,32.51268,499,50,3,3,5
37.9240997290547,78.69048,45.4164440608911,87.22716,1999,50,3,3,5
244.726691760664,75.50184,231.913556174843,83.16248,4999,50,3,3,5
29.5225635485618,93.98672,65.0721184211882,135.870292,499,250,3,3,5
33.980833455782,72.336464,33.141835152496,80.717292,1999,250,3,3,5
46.4063978150419,51.697208,48.4711928510922,52.844068,4999,250,3,3,5
37.3351276461145,61.2351784,26.2856969548584,58.5049392,499,1250,3,3,5
36.0681371334138,57.3627688,49.5324804665694,70.240228,1999,1250,3,3,5
25.2947407819295,62.0419552,42.7204198808135,63.6545696,4999,1250,3,3,5
18.8746512330286,46.23518,16.2690948507876,44.56834,499,50,6,3,5
57.9206671676753,110.35552,69.9965396493358,121.79554,1999,50,6,3,5
200.483029187832,61.59886,219.737966065861,62.56038,4999,50,6,3,5
29.4828826568257,59.582216,40.2124636663186,71.381364,499,250,6,3,5
36.9850219614407,116.702908,35.2582956721848,120.887844,1999,250,6,3,5
112.355777227569,65.192092,117.107678389809,66.916296,4999,250,6,3,5
5.91039934665016,40.9100672,8.58303338533141,42.9879848,499,1250,6,3,5
30.7374068402764,126.4359168,59.1070781416983,146.36652,1999,1250,6,3,5
33.9130462281819,105.6828208,26.4033082889399,107.987856,4999,1250,6,3,5
51.9355653448232,151.61714,16.1714498854247,141.2781,499,50,9,3,5
63.4760812317117,76.54842,63.2463053312371,84.44476,1999,50,9,3,5
200.287432299385,150.69844,218.448754355231,162.93716,4999,50,9,3,5
7.81140683825409,38.553016,7.24450102976084,40.937972,499,250,9,3,5
41.2582556984421,86.200128,38.377834487016,92.02816,1999,250,9,3,5
62.0487218804718,140.516312,56.8161257793444,150.39654,4999,250,9,3,5
21.3305438742642,123.9560888,28.9429203103498,135.5376712,499,1250,9,3,5
23.7061323433797,107.9821552,27.7778494209304,113.8406312,1999,1250,9,3,5
48.5190578992091,86.0568256,34.0155038921255,87.303892,4999,1250,9,3,5
