"iter","model","start","n_years","n_samples","n_clusters","elapsed"
1,"CKDE",3972,3000,500,6,1.21101999282837
1,"BGMM",3972,3000,500,6,32.2001230716705
1,"DPMM",3972,3000,500,6,11.5573780536652
1,"NetC14",3972,3000,500,6,7.40324997901917
1,"SPD",3972,3000,500,6,0.0104401111602783
2,"CKDE",5646,3000,500,6,1.25439190864563
2,"BGMM",5646,3000,500,6,35.2756288051605
2,"DPMM",5646,3000,500,6,16.5101699829102
2,"NetC14",5646,3000,500,6,8.32286787033081
2,"SPD",5646,3000,500,6,0.00902009010314941
3,"CKDE",8432,3000,500,6,1.35084199905396
3,"BGMM",8432,3000,500,6,34.3722610473633
3,"DPMM",8432,3000,500,6,10.0282828807831
3,"NetC14",8432,3000,500,6,7.32558298110962
3,"SPD",8432,3000,500,6,0.0098259449005127
4,"CKDE",16987,3000,500,6,1.1382269859314
4,"BGMM",16987,3000,500,6,35.0973320007324
4,"DPMM",16987,3000,500,6,15.2739810943604
4,"NetC14",16987,3000,500,6,7.34688591957092
4,"SPD",16987,3000,500,6,0.00843691825866699
5,"CKDE",33263,3000,500,6,1.20093297958374
5,"BGMM",33263,3000,500,6,31.0317718982697
5,"DPMM",33263,3000,500,6,12.1501069068909
5,"NetC14",33263,3000,500,6,7.51579999923706
5,"SPD",33263,3000,500,6,0.00640392303466797
6,"CKDE",37334,3000,500,6,1.1286449432373
6,"BGMM",37334,3000,500,6,31.3469188213348
6,"DPMM",37334,3000,500,6,11.6834869384766
6,"NetC14",37334,3000,500,6,8.24161791801453
6,"SPD",37334,3000,500,6,0.00661087036132812
7,"CKDE",34407,3000,500,6,1.19108414649963
7,"BGMM",34407,3000,500,6,36.2639629840851
7,"DPMM",34407,3000,500,6,9.79786109924316
7,"NetC14",34407,3000,500,6,7.94962906837463
7,"SPD",34407,3000,500,6,0.00885510444641113
8,"CKDE",40216,3000,500,6,1.09270000457764
8,"BGMM",40216,3000,500,6,34.0772459506989
8,"DPMM",40216,3000,500,6,14.7731940746307
8,"NetC14",40216,3000,500,6,7.06371688842773
8,"SPD",40216,3000,500,6,0.00727009773254395
9,"CKDE",42177,3000,500,6,1.13269996643066
9,"BGMM",42177,3000,500,6,29.2234189510345
9,"DPMM",42177,3000,500,6,12.5059039592743
9,"NetC14",42177,3000,500,6,6.61090993881226
9,"SPD",42177,3000,500,6,0.00671100616455078
10,"CKDE",39958,3000,500,6,1.14291906356812
10,"BGMM",39958,3000,500,6,32.8614230155945
10,"DPMM",39958,3000,500,6,11.5468349456787
10,"NetC14",39958,3000,500,6,7.07596492767334
10,"SPD",39958,3000,500,6,0.00687694549560547
11,"CKDE",11272,3000,500,6,1.17522311210632
11,"BGMM",11272,3000,500,6,34.7374320030212
11,"DPMM",11272,3000,500,6,11.6407449245453
11,"NetC14",11272,3000,500,6,8.16268491744995
11,"SPD",11272,3000,500,6,0.0100209712982178
12,"CKDE",41482,3000,500,6,1.13875579833984
12,"BGMM",41482,3000,500,6,34.7891139984131
12,"DPMM",41482,3000,500,6,12.4592499732971
12,"NetC14",41482,3000,500,6,7.4661660194397
12,"SPD",41482,3000,500,6,0.00663495063781738
13,"CKDE",21847,3000,500,6,1.15861892700195
13,"BGMM",21847,3000,500,6,35.0740110874176
13,"DPMM",21847,3000,500,6,13.0397570133209
13,"NetC14",21847,3000,500,6,7.57580399513245
13,"SPD",21847,3000,500,6,0.00829505920410156
14,"CKDE",31281,3000,500,6,1.18151593208313
14,"BGMM",31281,3000,500,6,31.6360440254211
14,"DPMM",31281,3000,500,6,10.9367129802704
14,"NetC14",31281,3000,500,6,7.08282899856567
14,"SPD",31281,3000,500,6,0.00582599639892578
15,"CKDE",9604,3000,500,6,1.15854716300964
15,"BGMM",9604,3000,500,6,36.0570662021637
15,"DPMM",9604,3000,500,6,11.9561040401459
15,"NetC14",9604,3000,500,6,7.81740498542786
15,"SPD",9604,3000,500,6,0.00965404510498047
16,"CKDE",29399,3000,500,6,1.21004891395569
16,"BGMM",29399,3000,500,6,34.3234710693359
16,"DPMM",29399,3000,500,6,11.0114459991455
16,"NetC14",29399,3000,500,6,7.41433310508728
16,"SPD",29399,3000,500,6,0.00865411758422852
17,"CKDE",39247,3000,500,6,1.12389183044434
17,"BGMM",39247,3000,500,6,31.7062718868256
17,"DPMM",39247,3000,500,6,13.3791739940643
17,"NetC14",39247,3000,500,6,7.58190989494324
17,"SPD",39247,3000,500,6,0.00705099105834961
18,"CKDE",26382,3000,500,6,1.11793613433838
18,"BGMM",26382,3000,500,6,41.3689701557159
18,"DPMM",26382,3000,500,6,11.9000689983368
18,"NetC14",26382,3000,500,6,7.22282004356384
18,"SPD",26382,3000,500,6,0.00768303871154785
19,"CKDE",30427,3000,500,6,1.07118201255798
19,"BGMM",30427,3000,500,6,32.0672650337219
19,"DPMM",30427,3000,500,6,13.4477651119232
19,"NetC14",30427,3000,500,6,7.22913694381714
19,"SPD",30427,3000,500,6,0.00647687911987305
20,"CKDE",10374,3000,500,6,1.15718507766724
20,"BGMM",10374,3000,500,6,35.8083989620209
20,"DPMM",10374,3000,500,6,12.0776348114014
20,"NetC14",10374,3000,500,6,7.71920204162598
20,"SPD",10374,3000,500,6,0.00881719589233398
21,"CKDE",36152,3000,500,6,1.24250292778015
21,"BGMM",36152,3000,500,6,26.5766201019287
21,"DPMM",36152,3000,500,6,12.6163949966431
21,"NetC14",36152,3000,500,6,6.87558221817017
21,"SPD",36152,3000,500,6,0.0063011646270752
22,"CKDE",15344,3000,500,6,1.15236401557922
22,"BGMM",15344,3000,500,6,35.0466229915619
22,"DPMM",15344,3000,500,6,13.1095020771027
22,"NetC14",15344,3000,500,6,9.24448919296265
22,"SPD",15344,3000,500,6,0.00846982002258301
23,"CKDE",4364,3000,500,6,1.36036705970764
23,"BGMM",4364,3000,500,6,31.8488621711731
23,"DPMM",4364,3000,500,6,13.5383110046387
23,"NetC14",4364,3000,500,6,7.07227897644043
23,"SPD",4364,3000,500,6,0.00893497467041016
24,"CKDE",46421,3000,500,6,1.13152694702148
24,"BGMM",46421,3000,500,6,24.6798179149628
24,"DPMM",46421,3000,500,6,10.3144228458405
24,"NetC14",46421,3000,500,6,6.74013781547546
24,"SPD",46421,3000,500,6,0.00838589668273926
25,"CKDE",38422,3000,500,6,1.1582179069519
25,"BGMM",38422,3000,500,6,32.5641341209412
25,"DPMM",38422,3000,500,6,12.2948780059814
25,"NetC14",38422,3000,500,6,6.85969996452332
25,"SPD",38422,3000,500,6,0.00686788558959961
26,"CKDE",2760,3000,500,6,1.15022683143616
26,"BGMM",2760,3000,500,6,34.0333738327026
26,"DPMM",2760,3000,500,6,11.7307441234589
26,"NetC14",2760,3000,500,6,7.15728306770325
26,"SPD",2760,3000,500,6,0.0085759162902832
27,"CKDE",10135,3000,500,6,1.13193011283875
27,"BGMM",10135,3000,500,6,34.4389550685883
27,"DPMM",10135,3000,500,6,13.3092620372772
27,"NetC14",10135,3000,500,6,7.26937890052795
27,"SPD",10135,3000,500,6,0.00829982757568359
28,"CKDE",33142,3000,500,6,1.19490098953247
28,"BGMM",33142,3000,500,6,33.2909719944
28,"DPMM",33142,3000,500,6,12.970342874527
28,"NetC14",33142,3000,500,6,8.3275158405304
28,"SPD",33142,3000,500,6,0.00658416748046875
29,"CKDE",33881,3000,1000,6,1.3752281665802
29,"BGMM",33881,3000,1000,6,47.6627399921417
29,"DPMM",33881,3000,1000,6,26.2706370353699
29,"NetC14",33881,3000,1000,6,8.76379013061523
29,"SPD",33881,3000,1000,6,0.0162420272827148
30,"CKDE",10150,3000,1000,6,1.3009090423584
30,"BGMM",10150,3000,1000,6,47.4379692077637
30,"DPMM",10150,3000,1000,6,25.3516590595245
30,"NetC14",10150,3000,1000,6,9.45697498321533
30,"SPD",10150,3000,1000,6,0.0159039497375488
31,"CKDE",44246,3000,1000,6,1.33516097068787
31,"BGMM",44246,3000,1000,6,38.2264239788055
31,"DPMM",44246,3000,1000,6,21.331652879715
31,"NetC14",44246,3000,1000,6,7.21906089782715
31,"SPD",44246,3000,1000,6,0.0117909908294678
32,"CKDE",11135,3000,1000,6,1.21244192123413
32,"BGMM",11135,3000,1000,6,43.858274936676
32,"DPMM",11135,3000,1000,6,24.9095778465271
32,"NetC14",11135,3000,1000,6,7.97042393684387
32,"SPD",11135,3000,1000,6,0.0192070007324219
33,"CKDE",37229,3000,1000,6,1.2104971408844
33,"BGMM",37229,3000,1000,6,36.5315721035004
33,"DPMM",37229,3000,1000,6,26.3443758487701
33,"NetC14",37229,3000,1000,6,7.47510004043579
33,"SPD",37229,3000,1000,6,0.0136208534240723
34,"CKDE",46246,3000,1000,6,1.2228479385376
34,"BGMM",46246,3000,1000,6,28.0234889984131
34,"DPMM",46246,3000,1000,6,24.5254859924316
34,"NetC14",46246,3000,1000,6,7.55457305908203
34,"SPD",46246,3000,1000,6,0.0132639408111572
35,"CKDE",1622,3000,1000,6,1.31837892532349
35,"BGMM",1622,3000,1000,6,41.5674140453339
35,"DPMM",1622,3000,1000,6,24.680732011795
35,"NetC14",1622,3000,1000,6,8.30278706550598
35,"SPD",1622,3000,1000,6,0.0216569900512695
36,"CKDE",23663,3000,1000,6,1.33867287635803
36,"BGMM",23663,3000,1000,6,47.839900970459
36,"DPMM",23663,3000,1000,6,23.1208281517029
36,"NetC14",23663,3000,1000,6,8.26007294654846
36,"SPD",23663,3000,1000,6,0.0143430233001709
37,"CKDE",37158,3000,1000,6,1.26933288574219
37,"BGMM",37158,3000,1000,6,45.4417080879211
37,"DPMM",37158,3000,1000,6,24.94149518013
37,"NetC14",37158,3000,1000,6,7.64052295684814
37,"SPD",37158,3000,1000,6,0.0125679969787598
38,"CKDE",12230,3000,1000,6,1.18396520614624
38,"BGMM",12230,3000,1000,6,37.9101409912109
38,"DPMM",12230,3000,1000,6,22.1239151954651
38,"NetC14",12230,3000,1000,6,7.57388496398926
38,"SPD",12230,3000,1000,6,0.017970085144043
39,"CKDE",13432,3000,1000,6,1.28673005104065
39,"BGMM",13432,3000,1000,6,42.4227850437164
39,"DPMM",13432,3000,1000,6,30.2701890468597
39,"NetC14",13432,3000,1000,6,7.76311707496643
39,"SPD",13432,3000,1000,6,0.0116369724273682
40,"CKDE",45470,3000,1000,6,1.26290512084961
40,"BGMM",45470,3000,1000,6,27.5305509567261
40,"DPMM",45470,3000,1000,6,20.503005027771
40,"NetC14",45470,3000,1000,6,6.85924601554871
40,"SPD",45470,3000,1000,6,0.0158309936523438
41,"CKDE",46139,3000,1000,6,1.37118196487427
41,"BGMM",46139,3000,1000,6,27.3454511165619
41,"DPMM",46139,3000,1000,6,20.1940040588379
41,"NetC14",46139,3000,1000,6,7.26811385154724
41,"SPD",46139,3000,1000,6,0.016434907913208
42,"CKDE",27662,3000,1000,6,1.23299694061279
42,"BGMM",27662,3000,1000,6,51.6471090316772
42,"DPMM",27662,3000,1000,6,28.9379451274872
42,"NetC14",27662,3000,1000,6,8.68386721611023
42,"SPD",27662,3000,1000,6,0.0148329734802246
43,"CKDE",41648,3000,1000,6,1.21140503883362
43,"BGMM",41648,3000,1000,6,42.5408010482788
43,"DPMM",41648,3000,1000,6,24.1113810539246
43,"NetC14",41648,3000,1000,6,7.82034707069397
43,"SPD",41648,3000,1000,6,0.0157968997955322
44,"CKDE",45141,3000,1000,6,1.24662303924561
44,"BGMM",45141,3000,1000,6,28.8406591415405
44,"DPMM",45141,3000,1000,6,22.8568768501282
44,"NetC14",45141,3000,1000,6,6.98972010612488
44,"SPD",45141,3000,1000,6,0.0172019004821777
45,"CKDE",15184,3000,1000,6,1.18353819847107
45,"BGMM",15184,3000,1000,6,49.4958920478821
45,"DPMM",15184,3000,1000,6,27.5745549201965
45,"NetC14",15184,3000,1000,6,8.18808603286743
45,"SPD",15184,3000,1000,6,0.0160131454467773
46,"CKDE",9569,3000,1000,6,1.24375605583191
46,"BGMM",9569,3000,1000,6,45.8599400520325
46,"DPMM",9569,3000,1000,6,31.5252499580383
46,"NetC14",9569,3000,1000,6,7.58471298217773
46,"SPD",9569,3000,1000,6,0.0217199325561523
47,"CKDE",6892,3000,1000,6,1.2210009098053
47,"BGMM",6892,3000,1000,6,41.7861931324005
47,"DPMM",6892,3000,1000,6,27.9161279201508
47,"NetC14",6892,3000,1000,6,8.16309094429016
47,"SPD",6892,3000,1000,6,0.0189769268035889
48,"CKDE",8898,3000,1000,6,1.36764597892761
48,"BGMM",8898,3000,1000,6,48.0426859855652
48,"DPMM",8898,3000,1000,6,29.4900228977203
48,"NetC14",8898,3000,1000,6,7.86923289299011
48,"SPD",8898,3000,1000,6,0.0173189640045166
49,"CKDE",43114,3000,1000,6,1.24737215042114
49,"BGMM",43114,3000,1000,6,50.3605279922485
49,"DPMM",43114,3000,1000,6,26.718631029129
49,"NetC14",43114,3000,1000,6,8.4818959236145
49,"SPD",43114,3000,1000,6,0.0113601684570312
50,"CKDE",13896,3000,1000,6,1.28727912902832
50,"BGMM",13896,3000,1000,6,41.2894449234009
50,"DPMM",13896,3000,1000,6,24.6456530094147
50,"NetC14",13896,3000,1000,6,8.99973702430725
50,"SPD",13896,3000,1000,6,0.0160830020904541
51,"CKDE",11883,3000,1000,6,1.27768301963806
51,"BGMM",11883,3000,1000,6,45.5501019954681
51,"DPMM",11883,3000,1000,6,26.1169428825378
51,"NetC14",11883,3000,1000,6,8.77581906318665
51,"SPD",11883,3000,1000,6,0.0183508396148682
52,"CKDE",25141,3000,1000,6,1.38296818733215
52,"BGMM",25141,3000,1000,6,49.4718310832977
52,"DPMM",25141,3000,1000,6,22.9252700805664
52,"NetC14",25141,3000,1000,6,9.13715815544128
52,"SPD",25141,3000,1000,6,0.0185208320617676
53,"CKDE",36772,3000,1000,6,1.24945902824402
53,"BGMM",36772,3000,1000,6,31.140643119812
53,"DPMM",36772,3000,1000,6,21.3719260692596
53,"NetC14",36772,3000,1000,6,7.12033081054688
53,"SPD",36772,3000,1000,6,0.0135531425476074
54,"CKDE",25003,3000,1000,6,1.21452593803406
54,"BGMM",25003,3000,1000,6,48.4891929626465
54,"DPMM",25003,3000,1000,6,25.3213329315186
54,"NetC14",25003,3000,1000,6,8.47117495536804
54,"SPD",25003,3000,1000,6,0.0144791603088379
55,"CKDE",28985,3000,1000,6,1.26974415779114
55,"BGMM",28985,3000,1000,6,49.1163690090179
55,"DPMM",28985,3000,1000,6,22.7011752128601
55,"NetC14",28985,3000,1000,6,8.18167185783386
55,"SPD",28985,3000,1000,6,0.0136721134185791
56,"CKDE",7412,3000,1000,6,1.18544793128967
56,"BGMM",7412,3000,1000,6,41.8264999389648
56,"DPMM",7412,3000,1000,6,29.7169868946075
56,"NetC14",7412,3000,1000,6,7.55511903762817
56,"SPD",7412,3000,1000,6,0.017657995223999
57,"CKDE",235,3000,1500,6,1.28328704833984
57,"BGMM",235,3000,1500,6,47.7963850498199
57,"DPMM",235,3000,1500,6,31.6265029907227
57,"NetC14",235,3000,1500,6,7.42678594589233
57,"SPD",235,3000,1500,6,0.0261240005493164
58,"CKDE",3650,3000,1500,6,1.39852809906006
58,"BGMM",3650,3000,1500,6,46.2004640102386
58,"DPMM",3650,3000,1500,6,36.0022869110107
58,"NetC14",3650,3000,1500,6,7.56219506263733
58,"SPD",3650,3000,1500,6,0.0292749404907227
59,"CKDE",32916,3000,1500,6,1.43739080429077
59,"BGMM",32916,3000,1500,6,42.7031581401825
59,"DPMM",32916,3000,1500,6,35.3455829620361
59,"NetC14",32916,3000,1500,6,10.5782840251923
59,"SPD",32916,3000,1500,6,0.0197250843048096
60,"CKDE",41186,3000,1500,6,1.36644077301025
60,"BGMM",41186,3000,1500,6,46.3876039981842
60,"DPMM",41186,3000,1500,6,36.5919930934906
60,"NetC14",41186,3000,1500,6,8.07284116744995
60,"SPD",41186,3000,1500,6,0.0165700912475586
61,"CKDE",11759,3000,1500,6,1.7837610244751
61,"BGMM",11759,3000,1500,6,44.4003551006317
61,"DPMM",11759,3000,1500,6,34.5796880722046
61,"NetC14",11759,3000,1500,6,10.430037021637
61,"SPD",11759,3000,1500,6,0.0290951728820801
62,"CKDE",27232,3000,1500,6,1.462397813797
62,"BGMM",27232,3000,1500,6,62.8828139305115
62,"DPMM",27232,3000,1500,6,41.2852699756622
62,"NetC14",27232,3000,1500,6,9.18612790107727
62,"SPD",27232,3000,1500,6,0.0195841789245605
63,"CKDE",26388,3000,1500,6,1.29274606704712
63,"BGMM",26388,3000,1500,6,48.8569469451904
63,"DPMM",26388,3000,1500,6,31.7468159198761
63,"NetC14",26388,3000,1500,6,8.60967898368835
63,"SPD",26388,3000,1500,6,0.0201690196990967
64,"CKDE",25331,3000,1500,6,1.31199288368225
64,"BGMM",25331,3000,1500,6,57.9219431877136
64,"DPMM",25331,3000,1500,6,41.2423980236053
64,"NetC14",25331,3000,1500,6,9.11217999458313
64,"SPD",25331,3000,1500,6,0.0209698677062988
65,"CKDE",8302,3000,1500,6,1.22162294387817
65,"BGMM",8302,3000,1500,6,49.2334129810333
65,"DPMM",8302,3000,1500,6,42.0534799098969
65,"NetC14",8302,3000,1500,6,8.96460485458374
65,"SPD",8302,3000,1500,6,0.0295240879058838
66,"CKDE",23457,3000,1500,6,1.29774594306946
66,"BGMM",23457,3000,1500,6,51.5857679843903
66,"DPMM",23457,3000,1500,6,38.0823979377747
66,"NetC14",23457,3000,1500,6,9.50853705406189
66,"SPD",23457,3000,1500,6,0.0258400440216064
67,"CKDE",24685,3000,1500,6,1.35251188278198
67,"BGMM",24685,3000,1500,6,56.7979891300201
67,"DPMM",24685,3000,1500,6,37.0083479881287
67,"NetC14",24685,3000,1500,6,8.99484300613403
67,"SPD",24685,3000,1500,6,0.0292179584503174
68,"CKDE",45008,3000,1500,6,1.4014208316803
68,"BGMM",45008,3000,1500,6,30.5882649421692
68,"DPMM",45008,3000,1500,6,41.3647789955139
68,"NetC14",45008,3000,1500,6,7.03555607795715
68,"SPD",45008,3000,1500,6,0.015955924987793
69,"CKDE",35347,3000,1500,6,1.29414200782776
69,"BGMM",35347,3000,1500,6,47.6278159618378
69,"DPMM",35347,3000,1500,6,40.1089560985565
69,"NetC14",35347,3000,1500,6,8.22410106658936
69,"SPD",35347,3000,1500,6,0.0188131332397461
70,"CKDE",43636,3000,1500,6,1.32927417755127
70,"BGMM",43636,3000,1500,6,45.9974589347839
70,"DPMM",43636,3000,1500,6,29.3486108779907
70,"NetC14",43636,3000,1500,6,7.87271404266357
70,"SPD",43636,3000,1500,6,0.0193829536437988
71,"CKDE",26100,3000,1500,6,1.26059293746948
71,"BGMM",26100,3000,1500,6,53.3810219764709
71,"DPMM",26100,3000,1500,6,36.8096840381622
71,"NetC14",26100,3000,1500,6,9.13574385643005
71,"SPD",26100,3000,1500,6,0.0196859836578369
72,"CKDE",9179,3000,1500,6,1.37375211715698
72,"BGMM",9179,3000,1500,6,57.3320438861847
72,"DPMM",9179,3000,1500,6,28.9205570220947
72,"NetC14",9179,3000,1500,6,8.74746012687683
72,"SPD",9179,3000,1500,6,0.0301620960235596
73,"CKDE",16874,3000,1500,6,1.26424598693848
73,"BGMM",16874,3000,1500,6,47.5344061851501
73,"DPMM",16874,3000,1500,6,31.0760900974274
73,"NetC14",16874,3000,1500,6,8.3905291557312
73,"SPD",16874,3000,1500,6,0.0260210037231445
74,"CKDE",14067,3000,1500,6,1.3457019329071
74,"BGMM",14067,3000,1500,6,49.8486568927765
74,"DPMM",14067,3000,1500,6,26.5476779937744
74,"NetC14",14067,3000,1500,6,7.72122192382812
74,"SPD",14067,3000,1500,6,0.0227200984954834
75,"CKDE",26597,3000,1500,6,1.21569299697876
75,"BGMM",26597,3000,1500,6,48.4705309867859
75,"DPMM",26597,3000,1500,6,40.9523129463196
75,"NetC14",26597,3000,1500,6,7.55501794815063
75,"SPD",26597,3000,1500,6,0.0208179950714111
76,"CKDE",46404,3000,1500,6,1.27899599075317
76,"BGMM",46404,3000,1500,6,27.2566609382629
76,"DPMM",46404,3000,1500,6,23.4803709983826
76,"NetC14",46404,3000,1500,6,6.99803900718689
76,"SPD",46404,3000,1500,6,0.0207760334014893
77,"CKDE",3538,3000,1500,6,1.35517501831055
77,"BGMM",3538,3000,1500,6,48.5598192214966
77,"DPMM",3538,3000,1500,6,38.8880770206451
77,"NetC14",3538,3000,1500,6,7.63858294487
77,"SPD",3538,3000,1500,6,0.0261659622192383
78,"CKDE",45517,3000,1500,6,1.29384303092957
78,"BGMM",45517,3000,1500,6,27.6028709411621
78,"DPMM",45517,3000,1500,6,36.3447360992432
78,"NetC14",45517,3000,1500,6,6.45976495742798
78,"SPD",45517,3000,1500,6,0.0178940296173096
79,"CKDE",32233,3000,1500,6,1.20512008666992
79,"BGMM",32233,3000,1500,6,45.4143090248108
79,"DPMM",32233,3000,1500,6,38.1828639507294
79,"NetC14",32233,3000,1500,6,8.92878198623657
79,"SPD",32233,3000,1500,6,0.0180420875549316
80,"CKDE",6947,3000,1500,6,1.32773089408875
80,"BGMM",6947,3000,1500,6,45.048287153244
80,"DPMM",6947,3000,1500,6,45.863224029541
80,"NetC14",6947,3000,1500,6,8.10648083686829
80,"SPD",6947,3000,1500,6,0.0290660858154297
81,"CKDE",24659,3000,1500,6,1.62605714797974
81,"BGMM",24659,3000,1500,6,50.9725399017334
81,"DPMM",24659,3000,1500,6,41.37082695961
81,"NetC14",24659,3000,1500,6,11.427258014679
81,"SPD",24659,3000,1500,6,0.0251178741455078
82,"CKDE",14217,3000,1500,6,1.48356699943542
82,"BGMM",14217,3000,1500,6,55.7742989063263
82,"DPMM",14217,3000,1500,6,40.1062178611755
82,"NetC14",14217,3000,1500,6,8.86566090583801
82,"SPD",14217,3000,1500,6,0.0219030380249023
83,"CKDE",35188,3000,1500,6,1.24509382247925
83,"BGMM",35188,3000,1500,6,50.8828649520874
83,"DPMM",35188,3000,1500,6,36.7724370956421
83,"NetC14",35188,3000,1500,6,8.92840719223022
83,"SPD",35188,3000,1500,6,0.0192830562591553
84,"CKDE",28662,3000,1500,6,1.13495302200317
84,"BGMM",28662,3000,1500,6,55.2372660636902
84,"DPMM",28662,3000,1500,6,39.2019801139832
84,"NetC14",28662,3000,1500,6,9.33683896064758
84,"SPD",28662,3000,1500,6,0.015765905380249
85,"CKDE",26047,3000,2000,6,1.42413806915283
85,"BGMM",26047,3000,2000,6,62.1571428775787
85,"DPMM",26047,3000,2000,6,49.2284488677979
85,"NetC14",26047,3000,2000,6,9.49096894264221
85,"SPD",26047,3000,2000,6,0.0338339805603027
86,"CKDE",42817,3000,2000,6,1.3487868309021
86,"BGMM",42817,3000,2000,6,48.00341796875
86,"DPMM",42817,3000,2000,6,61.7154698371887
86,"NetC14",42817,3000,2000,6,8.07804703712463
86,"SPD",42817,3000,2000,6,0.028364896774292
87,"CKDE",16603,3000,2000,6,1.41207385063171
87,"BGMM",16603,3000,2000,6,64.6153149604797
87,"DPMM",16603,3000,2000,6,52.6004569530487
87,"NetC14",16603,3000,2000,6,10.3814270496368
87,"SPD",16603,3000,2000,6,0.033581018447876
88,"CKDE",7841,3000,2000,6,1.35131597518921
88,"BGMM",7841,3000,2000,6,65.7936789989471
88,"DPMM",7841,3000,2000,6,63.2913980484009
88,"NetC14",7841,3000,2000,6,10.0484020709991
88,"SPD",7841,3000,2000,6,0.0359618663787842
89,"CKDE",5543,3000,2000,6,1.23858785629272
89,"BGMM",5543,3000,2000,6,58.4516398906708
89,"DPMM",5543,3000,2000,6,59.9896910190582
89,"NetC14",5543,3000,2000,6,8.66529703140259
89,"SPD",5543,3000,2000,6,0.0346710681915283
90,"CKDE",45347,3000,2000,6,1.46524214744568
90,"BGMM",45347,3000,2000,6,32.4885880947113
90,"DPMM",45347,3000,2000,6,37.0838520526886
90,"NetC14",45347,3000,2000,6,7.25282001495361
90,"SPD",45347,3000,2000,6,0.0361688137054443
91,"CKDE",18934,3000,2000,6,1.35504508018494
91,"BGMM",18934,3000,2000,6,56.8997011184692
91,"DPMM",18934,3000,2000,6,52.3011229038239
91,"NetC14",18934,3000,2000,6,8.89222693443298
91,"SPD",18934,3000,2000,6,0.0332448482513428
92,"CKDE",324,3000,2000,6,1.4407069683075
92,"BGMM",324,3000,2000,6,57.6685929298401
92,"DPMM",324,3000,2000,6,44.4717690944672
92,"NetC14",324,3000,2000,6,7.73089718818665
92,"SPD",324,3000,2000,6,0.0341310501098633
93,"CKDE",29002,3000,2000,6,1.4776771068573
93,"BGMM",29002,3000,2000,6,63.8063359260559
93,"DPMM",29002,3000,2000,6,41.522115945816
93,"NetC14",29002,3000,2000,6,9.22252202033997
93,"SPD",29002,3000,2000,6,0.0247559547424316
94,"CKDE",30744,3000,2000,6,1.56110310554504
94,"BGMM",30744,3000,2000,6,60.416100025177
94,"DPMM",30744,3000,2000,6,45.9507360458374
94,"NetC14",30744,3000,2000,6,8.37578392028809
94,"SPD",30744,3000,2000,6,0.0196080207824707
95,"CKDE",19529,3000,2000,6,1.27965712547302
95,"BGMM",19529,3000,2000,6,51.3187959194183
95,"DPMM",19529,3000,2000,6,53.2521991729736
95,"NetC14",19529,3000,2000,6,8.22651195526123
95,"SPD",19529,3000,2000,6,0.0294790267944336
96,"CKDE",5907,3000,2000,6,1.30150604248047
96,"BGMM",5907,3000,2000,6,51.3213670253754
96,"DPMM",5907,3000,2000,6,51.7400381565094
96,"NetC14",5907,3000,2000,6,7.75165915489197
96,"SPD",5907,3000,2000,6,0.0387217998504639
97,"CKDE",10830,3000,2000,6,1.31358599662781
97,"BGMM",10830,3000,2000,6,58.4577388763428
97,"DPMM",10830,3000,2000,6,54.622955083847
97,"NetC14",10830,3000,2000,6,7.53054094314575
97,"SPD",10830,3000,2000,6,0.0367519855499268
98,"CKDE",14014,3000,2000,6,1.22830891609192
98,"BGMM",14014,3000,2000,6,42.5503451824188
98,"DPMM",14014,3000,2000,6,45.4781968593597
98,"NetC14",14014,3000,2000,6,7.05077600479126
98,"SPD",14014,3000,2000,6,0.0292069911956787
99,"CKDE",33127,3000,2000,6,1.29182887077332
99,"BGMM",33127,3000,2000,6,43.0748729705811
99,"DPMM",33127,3000,2000,6,49.4650030136108
99,"NetC14",33127,3000,2000,6,9.05355405807495
99,"SPD",33127,3000,2000,6,0.0258910655975342
100,"CKDE",28814,3000,2000,6,1.21474599838257
100,"BGMM",28814,3000,2000,6,48.1522238254547
100,"DPMM",28814,3000,2000,6,52.2972559928894
100,"NetC14",28814,3000,2000,6,7.80476903915405
100,"SPD",28814,3000,2000,6,0.0263171195983887
101,"CKDE",17725,3000,2000,6,1.72232389450073
101,"BGMM",17725,3000,2000,6,48.8914968967438
101,"DPMM",17725,3000,2000,6,54.1212108135223
101,"NetC14",17725,3000,2000,6,10.3642771244049
101,"SPD",17725,3000,2000,6,0.0463781356811523
102,"CKDE",1112,3000,2000,6,1.52887916564941
102,"BGMM",1112,3000,2000,6,58.328489780426
102,"DPMM",1112,3000,2000,6,58.3808310031891
102,"NetC14",1112,3000,2000,6,9.03333282470703
102,"SPD",1112,3000,2000,6,0.0372600555419922
103,"CKDE",36438,3000,2000,6,1.6252269744873
103,"BGMM",36438,3000,2000,6,40.0120229721069
103,"DPMM",36438,3000,2000,6,50.0935640335083
103,"NetC14",36438,3000,2000,6,8.41733288764954
103,"SPD",36438,3000,2000,6,0.0247089862823486
104,"CKDE",29063,3000,2000,6,1.45611715316772
104,"BGMM",29063,3000,2000,6,69.857479095459
104,"DPMM",29063,3000,2000,6,54.4668591022491
104,"NetC14",29063,3000,2000,6,9.49915909767151
104,"SPD",29063,3000,2000,6,0.0301589965820312
105,"CKDE",11880,3000,2000,6,1.38514399528503
105,"BGMM",11880,3000,2000,6,53.4413080215454
105,"DPMM",11880,3000,2000,6,46.9023721218109
105,"NetC14",11880,3000,2000,6,10.8086941242218
105,"SPD",11880,3000,2000,6,0.0361919403076172
106,"CKDE",8873,3000,2000,6,1.29909706115723
106,"BGMM",8873,3000,2000,6,64.8545761108398
106,"DPMM",8873,3000,2000,6,57.5550000667572
106,"NetC14",8873,3000,2000,6,9.67677688598633
106,"SPD",8873,3000,2000,6,0.0527119636535645
107,"CKDE",43501,3000,2000,6,1.44426202774048
107,"BGMM",43501,3000,2000,6,47.7432010173798
107,"DPMM",43501,3000,2000,6,44.9218871593475
107,"NetC14",43501,3000,2000,6,9.12184810638428
107,"SPD",43501,3000,2000,6,0.0318129062652588
108,"CKDE",44691,3000,2000,6,1.40162110328674
108,"BGMM",44691,3000,2000,6,34.7750549316406
108,"DPMM",44691,3000,2000,6,49.7560038566589
108,"NetC14",44691,3000,2000,6,7.77256298065186
108,"SPD",44691,3000,2000,6,0.0270769596099854
109,"CKDE",15333,3000,2000,6,1.41747188568115
109,"BGMM",15333,3000,2000,6,68.5279350280762
109,"DPMM",15333,3000,2000,6,62.8381958007812
109,"NetC14",15333,3000,2000,6,9.89279079437256
109,"SPD",15333,3000,2000,6,0.0228080749511719
110,"CKDE",33861,3000,2000,6,1.45234608650208
110,"BGMM",33861,3000,2000,6,60.6081821918488
110,"DPMM",33861,3000,2000,6,50.6123130321503
110,"NetC14",33861,3000,2000,6,8.93592596054077
110,"SPD",33861,3000,2000,6,0.0287210941314697
111,"CKDE",15062,3000,2000,6,1.40023398399353
111,"BGMM",15062,3000,2000,6,66.1040449142456
111,"DPMM",15062,3000,2000,6,42.0620679855347
111,"NetC14",15062,3000,2000,6,9.09445190429688
111,"SPD",15062,3000,2000,6,0.0282258987426758
112,"CKDE",17778,3000,2000,6,1.39418005943298
112,"BGMM",17778,3000,2000,6,54.8145129680634
112,"DPMM",17778,3000,2000,6,49.206554889679
112,"NetC14",17778,3000,2000,6,8.19809103012085
112,"SPD",17778,3000,2000,6,0.0311808586120605
113,"CKDE",34643,3000,2500,6,1.52758193016052
113,"BGMM",34643,3000,2500,6,58.6250870227814
113,"DPMM",34643,3000,2500,6,76.0567870140076
113,"NetC14",34643,3000,2500,6,9.46274900436401
113,"SPD",34643,3000,2500,6,0.033207893371582
114,"CKDE",32374,3000,2500,6,1.50572395324707
114,"BGMM",32374,3000,2500,6,57.400838136673
114,"DPMM",32374,3000,2500,6,52.568690776825
114,"NetC14",32374,3000,2500,6,11.3483588695526
114,"SPD",32374,3000,2500,6,0.0351119041442871
115,"CKDE",43196,3000,2500,6,1.53763008117676
115,"BGMM",43196,3000,2500,6,50.249233007431
115,"DPMM",43196,3000,2500,6,67.1273407936096
115,"NetC14",43196,3000,2500,6,7.71923112869263
115,"SPD",43196,3000,2500,6,0.0342340469360352
116,"CKDE",42869,3000,2500,6,1.48652219772339
116,"BGMM",42869,3000,2500,6,49.4437868595123
116,"DPMM",42869,3000,2500,6,64.5067229270935
116,"NetC14",42869,3000,2500,6,7.66376900672913
116,"SPD",42869,3000,2500,6,0.0326149463653564
117,"CKDE",10364,3000,2500,6,1.41685080528259
117,"BGMM",10364,3000,2500,6,49.3931429386139
117,"DPMM",10364,3000,2500,6,56.1583490371704
117,"NetC14",10364,3000,2500,6,8.09847402572632
117,"SPD",10364,3000,2500,6,0.0418901443481445
118,"CKDE",36028,3000,2500,6,1.3367919921875
118,"BGMM",36028,3000,2500,6,40.8225920200348
118,"DPMM",36028,3000,2500,6,63.578125
118,"NetC14",36028,3000,2500,6,7.05998682975769
118,"SPD",36028,3000,2500,6,0.0273520946502686
119,"CKDE",40410,3000,2500,6,1.33376407623291
119,"BGMM",40410,3000,2500,6,42.5772190093994
119,"DPMM",40410,3000,2500,6,57.7367608547211
119,"NetC14",40410,3000,2500,6,7.39179086685181
119,"SPD",40410,3000,2500,6,0.0364949703216553
120,"CKDE",12012,3000,2500,6,1.28590989112854
120,"BGMM",12012,3000,2500,6,38.8973679542542
120,"DPMM",12012,3000,2500,6,62.7931709289551
120,"NetC14",12012,3000,2500,6,7.80590105056763
120,"SPD",12012,3000,2500,6,0.0468780994415283
121,"CKDE",30935,3000,2500,6,1.88609504699707
121,"BGMM",30935,3000,2500,6,57.2055530548096
121,"DPMM",30935,3000,2500,6,74.1856188774109
121,"NetC14",30935,3000,2500,6,9.51603198051453
121,"SPD",30935,3000,2500,6,0.0261521339416504
122,"CKDE",2678,3000,2500,6,1.67899703979492
122,"BGMM",2678,3000,2500,6,70.2133131027222
122,"DPMM",2678,3000,2500,6,81.1126179695129
122,"NetC14",2678,3000,2500,6,9.95136094093323
122,"SPD",2678,3000,2500,6,0.0481081008911133
123,"CKDE",31699,3000,2500,6,1.47244191169739
123,"BGMM",31699,3000,2500,6,63.3466808795929
123,"DPMM",31699,3000,2500,6,58.7509191036224
123,"NetC14",31699,3000,2500,6,9.40462207794189
123,"SPD",31699,3000,2500,6,0.0314409732818604
124,"CKDE",17773,3000,2500,6,1.45063591003418
124,"BGMM",17773,3000,2500,6,61.703469991684
124,"DPMM",17773,3000,2500,6,71.4241678714752
124,"NetC14",17773,3000,2500,6,11.112352848053
124,"SPD",17773,3000,2500,6,0.0408148765563965
125,"CKDE",36401,3000,2500,6,1.48565602302551
125,"BGMM",36401,3000,2500,6,50.9389381408691
125,"DPMM",36401,3000,2500,6,64.8052189350128
125,"NetC14",36401,3000,2500,6,8.68448996543884
125,"SPD",36401,3000,2500,6,0.033966064453125
126,"CKDE",29806,3000,2500,6,1.4420530796051
126,"BGMM",29806,3000,2500,6,59.8234438896179
126,"DPMM",29806,3000,2500,6,59.1651051044464
126,"NetC14",29806,3000,2500,6,9.86615300178528
126,"SPD",29806,3000,2500,6,0.0338568687438965
127,"CKDE",20876,3000,2500,6,1.50861406326294
127,"BGMM",20876,3000,2500,6,65.1182980537415
127,"DPMM",20876,3000,2500,6,75.9812688827515
127,"NetC14",20876,3000,2500,6,9.58126211166382
127,"SPD",20876,3000,2500,6,0.0349109172821045
128,"CKDE",11183,3000,2500,6,1.48417711257935
128,"BGMM",11183,3000,2500,6,60.6229050159454
128,"DPMM",11183,3000,2500,6,61.0741620063782
128,"NetC14",11183,3000,2500,6,8.82707715034485
128,"SPD",11183,3000,2500,6,0.0465331077575684
129,"CKDE",18330,3000,2500,6,1.46176719665527
129,"BGMM",18330,3000,2500,6,61.2595059871674
129,"DPMM",18330,3000,2500,6,74.6583249568939
129,"NetC14",18330,3000,2500,6,8.65898394584656
129,"SPD",18330,3000,2500,6,0.0512421131134033
130,"CKDE",24083,3000,2500,6,1.51503801345825
130,"BGMM",24083,3000,2500,6,63.3732659816742
130,"DPMM",24083,3000,2500,6,64.4876670837402
130,"NetC14",24083,3000,2500,6,9.49563884735107
130,"SPD",24083,3000,2500,6,0.0394191741943359
131,"CKDE",31986,3000,2500,6,1.3948290348053
131,"BGMM",31986,3000,2500,6,60.861310005188
131,"DPMM",31986,3000,2500,6,55.0354700088501
131,"NetC14",31986,3000,2500,6,9.63954901695251
131,"SPD",31986,3000,2500,6,0.0312387943267822
132,"CKDE",41536,3000,2500,6,1.479416847229
132,"BGMM",41536,3000,2500,6,62.6235330104828
132,"DPMM",41536,3000,2500,6,64.827024936676
132,"NetC14",41536,3000,2500,6,8.41653609275818
132,"SPD",41536,3000,2500,6,0.0418109893798828
133,"CKDE",37333,3000,2500,6,1.56415104866028
133,"BGMM",37333,3000,2500,6,53.169842004776
133,"DPMM",37333,3000,2500,6,68.2504110336304
133,"NetC14",37333,3000,2500,6,7.84523391723633
133,"SPD",37333,3000,2500,6,0.0386960506439209
134,"CKDE",23473,3000,2500,6,1.41083693504333
134,"BGMM",23473,3000,2500,6,59.6758179664612
134,"DPMM",23473,3000,2500,6,59.5132060050964
134,"NetC14",23473,3000,2500,6,8.21860003471375
134,"SPD",23473,3000,2500,6,0.0364909172058105
135,"CKDE",6875,3000,2500,6,1.21307301521301
135,"BGMM",6875,3000,2500,6,45.0388929843903
135,"DPMM",6875,3000,2500,6,59.8596210479736
135,"NetC14",6875,3000,2500,6,7.84488391876221
135,"SPD",6875,3000,2500,6,0.0510859489440918
136,"CKDE",499,3000,2500,6,1.37083196640015
136,"BGMM",499,3000,2500,6,44.3227069377899
136,"DPMM",499,3000,2500,6,56.9198408126831
136,"NetC14",499,3000,2500,6,7.52756094932556
136,"SPD",499,3000,2500,6,0.0471501350402832
137,"CKDE",6868,3000,2500,6,1.35311985015869
137,"BGMM",6868,3000,2500,6,42.735326051712
137,"DPMM",6868,3000,2500,6,63.3081109523773
137,"NetC14",6868,3000,2500,6,7.2683207988739
137,"SPD",6868,3000,2500,6,0.044562816619873
138,"CKDE",34033,3000,2500,6,1.30991291999817
138,"BGMM",34033,3000,2500,6,39.6824719905853
138,"DPMM",34033,3000,2500,6,58.0646481513977
138,"NetC14",34033,3000,2500,6,7.93326711654663
138,"SPD",34033,3000,2500,6,0.0316801071166992
139,"CKDE",29072,3000,2500,6,1.30607891082764
139,"BGMM",29072,3000,2500,6,43.18536901474
139,"DPMM",29072,3000,2500,6,69.1188950538635
139,"NetC14",29072,3000,2500,6,8.36467003822327
139,"SPD",29072,3000,2500,6,0.0343689918518066
140,"CKDE",13738,3000,2500,6,1.34010004997253
140,"BGMM",13738,3000,2500,6,39.4950978755951
140,"DPMM",13738,3000,2500,6,53.0895700454712
140,"NetC14",13738,3000,2500,6,7.23312783241272
140,"SPD",13738,3000,2500,6,0.0357840061187744
141,"CKDE",36200,3000,3000,6,1.93041515350342
141,"BGMM",36200,3000,3000,6,50.5265700817108
141,"DPMM",36200,3000,3000,6,86.6212060451508
141,"NetC14",36200,3000,3000,6,8.50929284095764
141,"SPD",36200,3000,3000,6,0.0309891700744629
142,"CKDE",22464,3000,3000,6,1.65483093261719
142,"BGMM",22464,3000,3000,6,81.875853061676
142,"DPMM",22464,3000,3000,6,87.7910988330841
142,"NetC14",22464,3000,3000,6,11.6027140617371
142,"SPD",22464,3000,3000,6,0.0432579517364502
143,"CKDE",42419,3000,3000,6,1.52578210830688
143,"BGMM",42419,3000,3000,6,58.6588859558105
143,"DPMM",42419,3000,3000,6,80.7729880809784
143,"NetC14",42419,3000,3000,6,8.93087792396545
143,"SPD",42419,3000,3000,6,0.0385260581970215
144,"CKDE",41007,3000,3000,6,1.57930898666382
144,"BGMM",41007,3000,3000,6,67.0024440288544
144,"DPMM",41007,3000,3000,6,71.5025079250336
144,"NetC14",41007,3000,3000,6,9.83728313446045
144,"SPD",41007,3000,3000,6,0.038470983505249
145,"CKDE",11935,3000,3000,6,1.50746202468872
145,"BGMM",11935,3000,3000,6,76.3784840106964
145,"DPMM",11935,3000,3000,6,76.5915679931641
145,"NetC14",11935,3000,3000,6,9.859295129776
145,"SPD",11935,3000,3000,6,0.0556559562683105
146,"CKDE",18808,3000,3000,6,1.48424696922302
146,"BGMM",18808,3000,3000,6,81.1231038570404
146,"DPMM",18808,3000,3000,6,96.6189548969269
146,"NetC14",18808,3000,3000,6,9.83523511886597
146,"SPD",18808,3000,3000,6,0.0480890274047852
147,"CKDE",43055,3000,3000,6,1.49703598022461
147,"BGMM",43055,3000,3000,6,71.8567900657654
147,"DPMM",43055,3000,3000,6,90.7397530078888
147,"NetC14",43055,3000,3000,6,10.0682141780853
147,"SPD",43055,3000,3000,6,0.0370810031890869
148,"CKDE",37053,3000,3000,6,1.51796102523804
148,"BGMM",37053,3000,3000,6,50.4362480640411
148,"DPMM",37053,3000,3000,6,76.4786560535431
148,"NetC14",37053,3000,3000,6,8.38912200927734
148,"SPD",37053,3000,3000,6,0.0394160747528076
149,"CKDE",35315,3000,3000,6,1.48000907897949
149,"BGMM",35315,3000,3000,6,55.3361570835114
149,"DPMM",35315,3000,3000,6,76.5860230922699
149,"NetC14",35315,3000,3000,6,8.82178211212158
149,"SPD",35315,3000,3000,6,0.0412638187408447
150,"CKDE",22232,3000,3000,6,1.48280596733093
150,"BGMM",22232,3000,3000,6,69.6701579093933
150,"DPMM",22232,3000,3000,6,91.4698450565338
150,"NetC14",22232,3000,3000,6,9.33093094825745
150,"SPD",22232,3000,3000,6,0.0440881252288818
151,"CKDE",19979,3000,3000,6,1.49451589584351
151,"BGMM",19979,3000,3000,6,66.9524240493774
151,"DPMM",19979,3000,3000,6,85.4823319911957
151,"NetC14",19979,3000,3000,6,11.280485868454
151,"SPD",19979,3000,3000,6,0.0638711452484131
152,"CKDE",42276,3000,3000,6,1.36747097969055
152,"BGMM",42276,3000,3000,6,53.4445290565491
152,"DPMM",42276,3000,3000,6,73.2074730396271
152,"NetC14",42276,3000,3000,6,7.95008778572083
152,"SPD",42276,3000,3000,6,0.0352840423583984
153,"CKDE",18188,3000,3000,6,1.3839590549469
153,"BGMM",18188,3000,3000,6,52.2118158340454
153,"DPMM",18188,3000,3000,6,59.9057312011719
153,"NetC14",18188,3000,3000,6,8.0422260761261
153,"SPD",18188,3000,3000,6,0.0527670383453369
154,"CKDE",31208,3000,3000,6,1.37143111228943
154,"BGMM",31208,3000,3000,6,46.5369789600372
154,"DPMM",31208,3000,3000,6,72.3895351886749
154,"NetC14",31208,3000,3000,6,7.96197390556335
154,"SPD",31208,3000,3000,6,0.0377888679504395
155,"CKDE",25543,3000,3000,6,1.37090277671814
155,"BGMM",25543,3000,3000,6,57.9868321418762
155,"DPMM",25543,3000,3000,6,74.063225030899
155,"NetC14",25543,3000,3000,6,8.00633597373962
155,"SPD",25543,3000,3000,6,0.0419938564300537
156,"CKDE",11239,3000,3000,6,1.3659508228302
156,"BGMM",11239,3000,3000,6,45.8309931755066
156,"DPMM",11239,3000,3000,6,86.7577159404755
156,"NetC14",11239,3000,3000,6,7.04947900772095
156,"SPD",11239,3000,3000,6,0.0555129051208496
157,"CKDE",9098,3000,3000,6,1.33719682693481
157,"BGMM",9098,3000,3000,6,42.7954211235046
157,"DPMM",9098,3000,3000,6,84.1327891349792
157,"NetC14",9098,3000,3000,6,7.26862502098083
157,"SPD",9098,3000,3000,6,0.0538318157196045
158,"CKDE",24627,3000,3000,6,1.38144397735596
158,"BGMM",24627,3000,3000,6,40.6172821521759
158,"DPMM",24627,3000,3000,6,66.5972828865051
158,"NetC14",24627,3000,3000,6,6.8260600566864
158,"SPD",24627,3000,3000,6,0.0391778945922852
159,"CKDE",37677,3000,3000,6,1.27520108222961
159,"BGMM",37677,3000,3000,6,28.6192290782928
159,"DPMM",37677,3000,3000,6,55.4611768722534
159,"NetC14",37677,3000,3000,6,7.29275798797607
159,"SPD",37677,3000,3000,6,0.0412278175354004
160,"CKDE",28800,3000,3000,6,1.28653192520142
160,"BGMM",28800,3000,3000,6,33.013514995575
160,"DPMM",28800,3000,3000,6,84.5679759979248
160,"NetC14",28800,3000,3000,6,7.02617907524109
160,"SPD",28800,3000,3000,6,0.0452401638031006
161,"CKDE",32168,3000,3000,6,1.95108699798584
161,"BGMM",32168,3000,3000,6,66.9164009094238
161,"DPMM",32168,3000,3000,6,81.6683070659637
161,"NetC14",32168,3000,3000,6,10.3583338260651
161,"SPD",32168,3000,3000,6,0.0381240844726562
162,"CKDE",358,3000,3000,6,1.69103288650513
162,"BGMM",358,3000,3000,6,66.6157209873199
162,"DPMM",358,3000,3000,6,94.6742990016937
162,"NetC14",358,3000,3000,6,10.9920260906219
162,"SPD",358,3000,3000,6,0.0610029697418213
163,"CKDE",38485,3000,3000,6,1.82717514038086
163,"BGMM",38485,3000,3000,6,74.8685529232025
163,"DPMM",38485,3000,3000,6,82.9670288562775
163,"NetC14",38485,3000,3000,6,10.9682791233063
163,"SPD",38485,3000,3000,6,0.0396108627319336
164,"CKDE",9885,3000,3000,6,1.5252251625061
164,"BGMM",9885,3000,3000,6,88.7596099376678
164,"DPMM",9885,3000,3000,6,84.3488750457764
164,"NetC14",9885,3000,3000,6,9.88972783088684
164,"SPD",9885,3000,3000,6,0.0475180149078369
165,"CKDE",37103,3000,3000,6,1.53247213363647
165,"BGMM",37103,3000,3000,6,69.5018360614777
165,"DPMM",37103,3000,3000,6,84.75461602211
165,"NetC14",37103,3000,3000,6,10.0047149658203
165,"SPD",37103,3000,3000,6,0.033195972442627
166,"CKDE",1567,3000,3000,6,1.67155718803406
166,"BGMM",1567,3000,3000,6,71.0905501842499
166,"DPMM",1567,3000,3000,6,96.7656960487366
166,"NetC14",1567,3000,3000,6,9.92375302314758
166,"SPD",1567,3000,3000,6,0.0604708194732666
167,"CKDE",12721,3000,3000,6,1.55684995651245
167,"BGMM",12721,3000,3000,6,79.3714280128479
167,"DPMM",12721,3000,3000,6,80.502897977829
167,"NetC14",12721,3000,3000,6,9.81483793258667
167,"SPD",12721,3000,3000,6,0.0528218746185303
168,"CKDE",8202,3000,3000,6,1.50331902503967
168,"BGMM",8202,3000,3000,6,66.3361949920654
168,"DPMM",8202,3000,3000,6,88.252240896225
168,"NetC14",8202,3000,3000,6,8.71665000915527
168,"SPD",8202,3000,3000,6,0.0524828433990479
169,"CKDE",3378,3000,3500,6,1.60444307327271
169,"BGMM",3378,3000,3500,6,72.7957339286804
169,"DPMM",3378,3000,3500,6,117.718857049942
169,"NetC14",3378,3000,3500,6,9.91771984100342
169,"SPD",3378,3000,3500,6,0.0591878890991211
170,"CKDE",4865,3000,3500,6,1.56759190559387
170,"BGMM",4865,3000,3500,6,71.6934909820557
170,"DPMM",4865,3000,3500,6,101.940433979034
170,"NetC14",4865,3000,3500,6,11.3378729820251
170,"SPD",4865,3000,3500,6,0.0672538280487061
171,"CKDE",38377,3000,3500,6,1.77730512619019
171,"BGMM",38377,3000,3500,6,59.5895030498505
171,"DPMM",38377,3000,3500,6,79.7712659835815
171,"NetC14",38377,3000,3500,6,8.62944984436035
171,"SPD",38377,3000,3500,6,0.0429461002349854
172,"CKDE",34732,3000,3500,6,1.48900699615479
172,"BGMM",34732,3000,3500,6,55.4683589935303
172,"DPMM",34732,3000,3500,6,97.3458950519562
172,"NetC14",34732,3000,3500,6,8.99208617210388
172,"SPD",34732,3000,3500,6,0.0452899932861328
173,"CKDE",7093,3000,3500,6,1.57186102867126
173,"BGMM",7093,3000,3500,6,56.9610869884491
173,"DPMM",7093,3000,3500,6,87.5778579711914
173,"NetC14",7093,3000,3500,6,9.27970814704895
173,"SPD",7093,3000,3500,6,0.0614290237426758
174,"CKDE",10486,3000,3500,6,1.38420677185059
174,"BGMM",10486,3000,3500,6,61.5369019508362
174,"DPMM",10486,3000,3500,6,77.6341488361359
174,"NetC14",10486,3000,3500,6,9.04822301864624
174,"SPD",10486,3000,3500,6,0.0624179840087891
175,"CKDE",6769,3000,3500,6,1.47397994995117
175,"BGMM",6769,3000,3500,6,42.4975578784943
175,"DPMM",6769,3000,3500,6,104.601191997528
175,"NetC14",6769,3000,3500,6,7.21335387229919
175,"SPD",6769,3000,3500,6,0.0603361129760742
176,"CKDE",43520,3000,3500,6,1.35326600074768
176,"BGMM",43520,3000,3500,6,42.1985111236572
176,"DPMM",43520,3000,3500,6,62.2349901199341
176,"NetC14",43520,3000,3500,6,8.06563282012939
176,"SPD",43520,3000,3500,6,0.0440678596496582
177,"CKDE",46136,3000,3500,6,1.44586992263794
177,"BGMM",46136,3000,3500,6,22.5111608505249
177,"DPMM",46136,3000,3500,6,53.6042029857635
177,"NetC14",46136,3000,3500,6,6.06867003440857
177,"SPD",46136,3000,3500,6,0.0430288314819336
178,"CKDE",43380,3000,3500,6,1.42849016189575
178,"BGMM",43380,3000,3500,6,35.063807964325
178,"DPMM",43380,3000,3500,6,84.1593019962311
178,"NetC14",43380,3000,3500,6,7.31199908256531
178,"SPD",43380,3000,3500,6,0.04268479347229
179,"CKDE",24901,3000,3500,6,1.41795611381531
179,"BGMM",24901,3000,3500,6,37.1338930130005
179,"DPMM",24901,3000,3500,6,96.3590919971466
179,"NetC14",24901,3000,3500,6,7.35782909393311
179,"SPD",24901,3000,3500,6,0.0552430152893066
180,"CKDE",1888,3000,3500,6,1.40291810035706
180,"BGMM",1888,3000,3500,6,32.2432770729065
180,"DPMM",1888,3000,3500,6,87.5057389736176
180,"NetC14",1888,3000,3500,6,7.23905086517334
180,"SPD",1888,3000,3500,6,0.0619869232177734
181,"CKDE",29751,3000,3500,6,1.86275792121887
181,"BGMM",29751,3000,3500,6,71.3281109333038
181,"DPMM",29751,3000,3500,6,100.212563991547
181,"NetC14",29751,3000,3500,6,10.5102272033691
181,"SPD",29751,3000,3500,6,0.0470259189605713
182,"CKDE",3013,3000,3500,6,1.55190300941467
182,"BGMM",3013,3000,3500,6,76.5086500644684
182,"DPMM",3013,3000,3500,6,126.768445014954
182,"NetC14",3013,3000,3500,6,10.7693507671356
182,"SPD",3013,3000,3500,6,0.0726261138916016
183,"CKDE",33450,3000,3500,6,1.80935907363892
183,"BGMM",33450,3000,3500,6,83.730329990387
183,"DPMM",33450,3000,3500,6,95.8232438564301
183,"NetC14",33450,3000,3500,6,12.9008078575134
183,"SPD",33450,3000,3500,6,0.0439178943634033
184,"CKDE",46332,3000,3500,6,1.65300488471985
184,"BGMM",46332,3000,3500,6,39.2733039855957
184,"DPMM",46332,3000,3500,6,75.1579201221466
184,"NetC14",46332,3000,3500,6,8.86083197593689
184,"SPD",46332,3000,3500,6,0.0468149185180664
185,"CKDE",14998,3000,3500,6,1.65106701850891
185,"BGMM",14998,3000,3500,6,93.8970861434937
185,"DPMM",14998,3000,3500,6,105.223968982697
185,"NetC14",14998,3000,3500,6,11.3830809593201
185,"SPD",14998,3000,3500,6,0.0403749942779541
186,"CKDE",18922,3000,3500,6,1.5822958946228
186,"BGMM",18922,3000,3500,6,74.983314037323
186,"DPMM",18922,3000,3500,6,97.8670258522034
186,"NetC14",18922,3000,3500,6,9.27957797050476
186,"SPD",18922,3000,3500,6,0.0687441825866699
187,"CKDE",7312,3000,3500,6,1.5748291015625
187,"BGMM",7312,3000,3500,6,72.7292938232422
187,"DPMM",7312,3000,3500,6,105.295040845871
187,"NetC14",7312,3000,3500,6,9.9829261302948
187,"SPD",7312,3000,3500,6,0.0642859935760498
188,"CKDE",42166,3000,3500,6,1.62038993835449
188,"BGMM",42166,3000,3500,6,62.9922931194305
188,"DPMM",42166,3000,3500,6,87.6019220352173
188,"NetC14",42166,3000,3500,6,9.65128111839294
188,"SPD",42166,3000,3500,6,0.0472168922424316
189,"CKDE",16112,3000,3500,6,1.58976197242737
189,"BGMM",16112,3000,3500,6,79.7743871212006
189,"DPMM",16112,3000,3500,6,104.082854986191
189,"NetC14",16112,3000,3500,6,9.89944911003113
189,"SPD",16112,3000,3500,6,0.055366039276123
190,"CKDE",25765,3000,3500,6,1.31726598739624
190,"BGMM",25765,3000,3500,6,68.8716740608215
190,"DPMM",25765,3000,3500,6,112.327069997787
190,"NetC14",25765,3000,3500,6,9.61437892913818
190,"SPD",25765,3000,3500,6,0.0484800338745117
191,"CKDE",22841,3000,3500,6,1.71198797225952
191,"BGMM",22841,3000,3500,6,66.3374898433685
191,"DPMM",22841,3000,3500,6,72.276643037796
191,"NetC14",22841,3000,3500,6,8.78868508338928
191,"SPD",22841,3000,3500,6,0.0426900386810303
192,"CKDE",34744,3000,3500,6,1.47310090065002
192,"BGMM",34744,3000,3500,6,59.5221321582794
192,"DPMM",34744,3000,3500,6,81.3976898193359
192,"NetC14",34744,3000,3500,6,8.84509181976318
192,"SPD",34744,3000,3500,6,0.0370359420776367
193,"CKDE",39911,3000,3500,6,1.51704382896423
193,"BGMM",39911,3000,3500,6,52.4532420635223
193,"DPMM",39911,3000,3500,6,92.7860240936279
193,"NetC14",39911,3000,3500,6,8.5144579410553
193,"SPD",39911,3000,3500,6,0.0447070598602295
194,"CKDE",39992,3000,3500,6,1.4622209072113
194,"BGMM",39992,3000,3500,6,52.7175769805908
194,"DPMM",39992,3000,3500,6,79.2116498947144
194,"NetC14",39992,3000,3500,6,8.60368990898132
194,"SPD",39992,3000,3500,6,0.0439701080322266
195,"CKDE",36001,3000,3500,6,1.46758389472961
195,"BGMM",36001,3000,3500,6,42.1650309562683
195,"DPMM",36001,3000,3500,6,95.9947230815887
195,"NetC14",36001,3000,3500,6,8.01122903823853
195,"SPD",36001,3000,3500,6,0.0442001819610596
196,"CKDE",29707,3000,3500,6,1.40193390846252
196,"BGMM",29707,3000,3500,6,36.752571105957
196,"DPMM",29707,3000,3500,6,80.6015608310699
196,"NetC14",29707,3000,3500,6,7.24335694313049
196,"SPD",29707,3000,3500,6,0.0488979816436768
197,"CKDE",40018,3000,4000,6,1.41041421890259
197,"BGMM",40018,3000,4000,6,35.4430999755859
197,"DPMM",40018,3000,4000,6,114.045596122742
197,"NetC14",40018,3000,4000,6,7.35496687889099
197,"SPD",40018,3000,4000,6,0.0501790046691895
198,"CKDE",4749,3000,4000,6,1.4417450428009
198,"BGMM",4749,3000,4000,6,34.8429431915283
198,"DPMM",4749,3000,4000,6,108.847804069519
198,"NetC14",4749,3000,4000,6,7.1638457775116
198,"SPD",4749,3000,4000,6,0.0702598094940186
199,"CKDE",18725,3000,4000,6,1.43405485153198
199,"BGMM",18725,3000,4000,6,34.6977610588074
199,"DPMM",18725,3000,4000,6,91.0265290737152
199,"NetC14",18725,3000,4000,6,7.91900086402893
199,"SPD",18725,3000,4000,6,0.0659840106964111
200,"CKDE",20496,3000,4000,6,1.42593598365784
200,"BGMM",20496,3000,4000,6,42.6460499763489
200,"DPMM",20496,3000,4000,6,92.7805910110474
200,"NetC14",20496,3000,4000,6,8.08202195167542
200,"SPD",20496,3000,4000,6,0.0545480251312256
201,"CKDE",6989,3000,4000,6,2.0482120513916
201,"BGMM",6989,3000,4000,6,77.6519031524658
201,"DPMM",6989,3000,4000,6,114.640516996384
201,"NetC14",6989,3000,4000,6,11.4026432037354
201,"SPD",6989,3000,4000,6,0.0768840312957764
202,"CKDE",13233,3000,4000,6,1.72943496704102
202,"BGMM",13233,3000,4000,6,86.3725929260254
202,"DPMM",13233,3000,4000,6,121.826533079147
202,"NetC14",13233,3000,4000,6,13.5939471721649
202,"SPD",13233,3000,4000,6,0.0615839958190918
203,"CKDE",21907,3000,4000,6,1.74622797966003
203,"BGMM",21907,3000,4000,6,86.4449639320374
203,"DPMM",21907,3000,4000,6,99.8567891120911
203,"NetC14",21907,3000,4000,6,11.1753859519958
203,"SPD",21907,3000,4000,6,0.078812837600708
204,"CKDE",31087,3000,4000,6,1.62362694740295
204,"BGMM",31087,3000,4000,6,81.9121301174164
204,"DPMM",31087,3000,4000,6,118.88898396492
204,"NetC14",31087,3000,4000,6,11.002228975296
204,"SPD",31087,3000,4000,6,0.0469310283660889
205,"CKDE",43322,3000,4000,6,1.70690083503723
205,"BGMM",43322,3000,4000,6,87.3022840023041
205,"DPMM",43322,3000,4000,6,85.4357481002808
205,"NetC14",43322,3000,4000,6,11.7894020080566
205,"SPD",43322,3000,4000,6,0.0571160316467285
206,"CKDE",33079,3000,4000,6,1.71143007278442
206,"BGMM",33079,3000,4000,6,80.7205369472504
206,"DPMM",33079,3000,4000,6,99.1771140098572
206,"NetC14",33079,3000,4000,6,10.6049880981445
206,"SPD",33079,3000,4000,6,0.0507299900054932
207,"CKDE",28418,3000,4000,6,1.66943001747131
207,"BGMM",28418,3000,4000,6,90.6475620269775
207,"DPMM",28418,3000,4000,6,121.547855138779
207,"NetC14",28418,3000,4000,6,10.9104709625244
207,"SPD",28418,3000,4000,6,0.0616569519042969
208,"CKDE",8160,3000,4000,6,1.75582194328308
208,"BGMM",8160,3000,4000,6,82.9937920570374
208,"DPMM",8160,3000,4000,6,122.116320133209
208,"NetC14",8160,3000,4000,6,10.0150830745697
208,"SPD",8160,3000,4000,6,0.076024055480957
209,"CKDE",36192,3000,4000,6,1.72231292724609
209,"BGMM",36192,3000,4000,6,42.1924500465393
209,"DPMM",36192,3000,4000,6,103.278197050095
209,"NetC14",36192,3000,4000,6,7.77231597900391
209,"SPD",36192,3000,4000,6,0.0497560501098633
210,"CKDE",44718,3000,4000,6,1.62876915931702
210,"BGMM",44718,3000,4000,6,37.2741341590881
210,"DPMM",44718,3000,4000,6,97.5545220375061
210,"NetC14",44718,3000,4000,6,7.18599200248718
210,"SPD",44718,3000,4000,6,0.0482831001281738
211,"CKDE",15423,3000,4000,6,1.56098818778992
211,"BGMM",15423,3000,4000,6,72.7755990028381
211,"DPMM",15423,3000,4000,6,87.6324889659882
211,"NetC14",15423,3000,4000,6,9.51319003105164
211,"SPD",15423,3000,4000,6,0.0572891235351562
212,"CKDE",21525,3000,4000,6,1.62095499038696
212,"BGMM",21525,3000,4000,6,64.5134899616241
212,"DPMM",21525,3000,4000,6,110.477365016937
212,"NetC14",21525,3000,4000,6,8.9680540561676
212,"SPD",21525,3000,4000,6,0.0703439712524414
213,"CKDE",44040,3000,4000,6,1.59116387367249
213,"BGMM",44040,3000,4000,6,51.3836898803711
213,"DPMM",44040,3000,4000,6,90.1627750396729
213,"NetC14",44040,3000,4000,6,7.99644804000854
213,"SPD",44040,3000,4000,6,0.0496551990509033
214,"CKDE",21860,3000,4000,6,1.5153341293335
214,"BGMM",21860,3000,4000,6,50.2308411598206
214,"DPMM",21860,3000,4000,6,88.2056338787079
214,"NetC14",21860,3000,4000,6,8.33143591880798
214,"SPD",21860,3000,4000,6,0.067206859588623
215,"CKDE",8388,3000,4000,6,1.54092001914978
215,"BGMM",8388,3000,4000,6,41.6932351589203
215,"DPMM",8388,3000,4000,6,103.770313978195
215,"NetC14",8388,3000,4000,6,8.16305613517761
215,"SPD",8388,3000,4000,6,0.0769979953765869
216,"CKDE",41675,3000,4000,6,1.41980481147766
216,"BGMM",41675,3000,4000,6,40.8512508869171
216,"DPMM",41675,3000,4000,6,95.8765790462494
216,"NetC14",41675,3000,4000,6,8.08473920822144
216,"SPD",41675,3000,4000,6,0.0550229549407959
217,"CKDE",37545,3000,4000,6,1.52273797988892
217,"BGMM",37545,3000,4000,6,33.2402329444885
217,"DPMM",37545,3000,4000,6,96.0737278461456
217,"NetC14",37545,3000,4000,6,7.18328094482422
217,"SPD",37545,3000,4000,6,0.0491321086883545
218,"CKDE",17649,3000,4000,6,1.41718602180481
218,"BGMM",17649,3000,4000,6,33.5229909420013
218,"DPMM",17649,3000,4000,6,89.6272959709167
218,"NetC14",17649,3000,4000,6,7.74520182609558
218,"SPD",17649,3000,4000,6,0.0719869136810303
219,"CKDE",33410,3000,4000,6,1.45833301544189
219,"BGMM",33410,3000,4000,6,36.3910531997681
219,"DPMM",33410,3000,4000,6,82.4562249183655
219,"NetC14",33410,3000,4000,6,7.97306895256042
219,"SPD",33410,3000,4000,6,0.0481250286102295
220,"CKDE",3062,3000,4000,6,1.40753817558289
220,"BGMM",3062,3000,4000,6,36.4188230037689
220,"DPMM",3062,3000,4000,6,93.1811940670013
220,"NetC14",3062,3000,4000,6,7.07426905632019
220,"SPD",3062,3000,4000,6,0.0723497867584229
221,"CKDE",3024,3000,4000,6,2.01955795288086
221,"BGMM",3024,3000,4000,6,83.8134529590607
221,"DPMM",3024,3000,4000,6,135.38810801506
221,"NetC14",3024,3000,4000,6,11.3024687767029
221,"SPD",3024,3000,4000,6,0.0727028846740723
222,"CKDE",3111,3000,4000,6,1.7177460193634
222,"BGMM",3111,3000,4000,6,87.0191450119019
222,"DPMM",3111,3000,4000,6,97.9539659023285
222,"NetC14",3111,3000,4000,6,12.968563079834
222,"SPD",3111,3000,4000,6,0.0753560066223145
223,"CKDE",19776,3000,4000,6,1.72028803825378
223,"BGMM",19776,3000,4000,6,82.9275720119476
223,"DPMM",19776,3000,4000,6,104.297447919846
223,"NetC14",19776,3000,4000,6,11.3461148738861
223,"SPD",19776,3000,4000,6,0.0636258125305176
224,"CKDE",40932,3000,4000,6,1.66449213027954
224,"BGMM",40932,3000,4000,6,82.6339550018311
224,"DPMM",40932,3000,4000,6,116.327032804489
224,"NetC14",40932,3000,4000,6,12.0484700202942
224,"SPD",40932,3000,4000,6,0.0547881126403809
225,"CKDE",41873,3000,4500,6,1.75666189193726
225,"BGMM",41873,3000,4500,6,93.1178939342499
225,"DPMM",41873,3000,4500,6,141.742223024368
225,"NetC14",41873,3000,4500,6,12.3893690109253
225,"SPD",41873,3000,4500,6,0.0613029003143311
226,"CKDE",18101,3000,4500,6,1.69479823112488
226,"BGMM",18101,3000,4500,6,93.055153131485
226,"DPMM",18101,3000,4500,6,112.483901023865
226,"NetC14",18101,3000,4500,6,11.2081100940704
226,"SPD",18101,3000,4500,6,0.0667960643768311
227,"CKDE",4043,3000,4500,6,1.69125008583069
227,"BGMM",4043,3000,4500,6,79.1090159416199
227,"DPMM",4043,3000,4500,6,121.903326034546
227,"NetC14",4043,3000,4500,6,12.8471171855927
227,"SPD",4043,3000,4500,6,0.0817270278930664
228,"CKDE",3884,3000,4500,6,1.77238297462463
228,"BGMM",3884,3000,4500,6,79.7897419929504
228,"DPMM",3884,3000,4500,6,134.544443130493
228,"NetC14",3884,3000,4500,6,12.7175669670105
228,"SPD",3884,3000,4500,6,0.092149019241333
229,"CKDE",22466,3000,4500,6,1.93022704124451
229,"BGMM",22466,3000,4500,6,81.7565569877625
229,"DPMM",22466,3000,4500,6,108.988117218018
229,"NetC14",22466,3000,4500,6,9.99419403076172
229,"SPD",22466,3000,4500,6,0.0622470378875732
230,"CKDE",16011,3000,4500,6,1.65734219551086
230,"BGMM",16011,3000,4500,6,76.2778799533844
230,"DPMM",16011,3000,4500,6,125.670665025711
230,"NetC14",16011,3000,4500,6,9.64683604240417
230,"SPD",16011,3000,4500,6,0.079171895980835
231,"CKDE",15822,3000,4500,6,1.93133497238159
231,"BGMM",15822,3000,4500,6,74.5517771244049
231,"DPMM",15822,3000,4500,6,123.874561071396
231,"NetC14",15822,3000,4500,6,9.73960614204407
231,"SPD",15822,3000,4500,6,0.0728788375854492
232,"CKDE",11132,3000,4500,6,1.55692601203918
232,"BGMM",11132,3000,4500,6,47.839634180069
232,"DPMM",11132,3000,4500,6,123.18812918663
232,"NetC14",11132,3000,4500,6,7.99698781967163
232,"SPD",11132,3000,4500,6,0.0794661045074463
233,"CKDE",31799,3000,4500,6,1.50752687454224
233,"BGMM",31799,3000,4500,6,41.3635199069977
233,"DPMM",31799,3000,4500,6,118.139504909515
233,"NetC14",31799,3000,4500,6,7.6586480140686
233,"SPD",31799,3000,4500,6,0.0559279918670654
234,"CKDE",12584,3000,4500,6,1.77852296829224
234,"BGMM",12584,3000,4500,6,41.245936870575
234,"DPMM",12584,3000,4500,6,131.598762989044
234,"NetC14",12584,3000,4500,6,8.15872097015381
234,"SPD",12584,3000,4500,6,0.0711438655853271
235,"CKDE",6588,3000,4500,6,1.45608997344971
235,"BGMM",6588,3000,4500,6,38.7513871192932
235,"DPMM",6588,3000,4500,6,143.426789045334
235,"NetC14",6588,3000,4500,6,7.73710584640503
235,"SPD",6588,3000,4500,6,0.0788919925689697
236,"CKDE",46042,3000,4500,6,1.50693988800049
236,"BGMM",46042,3000,4500,6,22.4338791370392
236,"DPMM",46042,3000,4500,6,97.3144879341125
236,"NetC14",46042,3000,4500,6,6.21448493003845
236,"SPD",46042,3000,4500,6,0.0558149814605713
237,"CKDE",38115,3000,4500,6,1.54412984848022
237,"BGMM",38115,3000,4500,6,38.5948839187622
237,"DPMM",38115,3000,4500,6,91.9232659339905
237,"NetC14",38115,3000,4500,6,8.89846515655518
237,"SPD",38115,3000,4500,6,0.0551838874816895
238,"CKDE",36901,3000,4500,6,1.5310640335083
238,"BGMM",36901,3000,4500,6,33.0320689678192
238,"DPMM",36901,3000,4500,6,106.050880908966
238,"NetC14",36901,3000,4500,6,7.94567608833313
238,"SPD",36901,3000,4500,6,0.0545048713684082
239,"CKDE",44450,3000,4500,6,1.544438123703
239,"BGMM",44450,3000,4500,6,29.7697339057922
239,"DPMM",44450,3000,4500,6,91.9851667881012
239,"NetC14",44450,3000,4500,6,6.21762990951538
239,"SPD",44450,3000,4500,6,0.0541322231292725
240,"CKDE",5788,3000,4500,6,1.40637707710266
240,"BGMM",5788,3000,4500,6,37.3760759830475
240,"DPMM",5788,3000,4500,6,111.097504138947
240,"NetC14",5788,3000,4500,6,7.31465291976929
240,"SPD",5788,3000,4500,6,0.0746300220489502
241,"CKDE",43326,3000,4500,6,2.23273897171021
241,"BGMM",43326,3000,4500,6,88.5920839309692
241,"DPMM",43326,3000,4500,6,115.084474802017
241,"NetC14",43326,3000,4500,6,12.0333487987518
241,"SPD",43326,3000,4500,6,0.0598890781402588
242,"CKDE",38195,3000,4500,6,1.83970093727112
242,"BGMM",38195,3000,4500,6,91.5561990737915
242,"DPMM",38195,3000,4500,6,133.027454853058
242,"NetC14",38195,3000,4500,6,11.5382311344147
242,"SPD",38195,3000,4500,6,0.0594401359558105
243,"CKDE",1976,3000,4500,6,1.80893206596375
243,"BGMM",1976,3000,4500,6,86.2228701114655
243,"DPMM",1976,3000,4500,6,160.490135908127
243,"NetC14",1976,3000,4500,6,12.283802986145
243,"SPD",1976,3000,4500,6,0.0900979042053223
244,"CKDE",35345,3000,4500,6,1.89077711105347
244,"BGMM",35345,3000,4500,6,84.9251461029053
244,"DPMM",35345,3000,4500,6,141.546662092209
244,"NetC14",35345,3000,4500,6,11.0213029384613
244,"SPD",35345,3000,4500,6,0.0570878982543945
245,"CKDE",14183,3000,4500,6,1.69817805290222
245,"BGMM",14183,3000,4500,6,88.9980199337006
245,"DPMM",14183,3000,4500,6,125.118176937103
245,"NetC14",14183,3000,4500,6,11.3878531455994
245,"SPD",14183,3000,4500,6,0.0710000991821289
246,"CKDE",43335,3000,4500,6,1.78845000267029
246,"BGMM",43335,3000,4500,6,91.8483049869537
246,"DPMM",43335,3000,4500,6,111.512714862823
246,"NetC14",43335,3000,4500,6,12.4991281032562
246,"SPD",43335,3000,4500,6,0.0544600486755371
247,"CKDE",8185,3000,4500,6,1.78941798210144
247,"BGMM",8185,3000,4500,6,82.1268339157104
247,"DPMM",8185,3000,4500,6,122.388172864914
247,"NetC14",8185,3000,4500,6,12.3493070602417
247,"SPD",8185,3000,4500,6,0.0810298919677734
248,"CKDE",4456,3000,4500,6,1.96227979660034
248,"BGMM",4456,3000,4500,6,76.1592299938202
248,"DPMM",4456,3000,4500,6,154.924422025681
248,"NetC14",4456,3000,4500,6,10.8097779750824
248,"SPD",4456,3000,4500,6,0.0869870185852051
249,"CKDE",17586,3000,4500,6,1.65926790237427
249,"BGMM",17586,3000,4500,6,68.8182129859924
249,"DPMM",17586,3000,4500,6,124.477452039719
249,"NetC14",17586,3000,4500,6,9.48017287254333
249,"SPD",17586,3000,4500,6,0.0830428600311279
250,"CKDE",37249,3000,4500,6,1.7304539680481
250,"BGMM",37249,3000,4500,6,61.3264560699463
250,"DPMM",37249,3000,4500,6,116.704359054565
250,"NetC14",37249,3000,4500,6,9.02205586433411
250,"SPD",37249,3000,4500,6,0.0548169612884521
251,"CKDE",16682,3000,4500,6,1.56791591644287
251,"BGMM",16682,3000,4500,6,60.3632261753082
251,"DPMM",16682,3000,4500,6,104.94366812706
251,"NetC14",16682,3000,4500,6,8.91990208625793
251,"SPD",16682,3000,4500,6,0.068108081817627
252,"CKDE",10347,3000,4500,6,1.49171304702759
252,"BGMM",10347,3000,4500,6,54.3809309005737
252,"DPMM",10347,3000,4500,6,97.3346037864685
252,"NetC14",10347,3000,4500,6,8.71503400802612
252,"SPD",10347,3000,4500,6,0.0669441223144531
253,"CKDE",7079,3000,5000,6,1.64855599403381
253,"BGMM",7079,3000,5000,6,47.2300488948822
253,"DPMM",7079,3000,5000,6,120.367895126343
253,"NetC14",7079,3000,5000,6,8.73530387878418
253,"SPD",7079,3000,5000,6,0.089838981628418
254,"CKDE",9687,3000,5000,6,1.6397020816803
254,"BGMM",9687,3000,5000,6,48.9881620407104
254,"DPMM",9687,3000,5000,6,125.183751821518
254,"NetC14",9687,3000,5000,6,8.7282509803772
254,"SPD",9687,3000,5000,6,0.0928487777709961
255,"CKDE",2678,3000,5000,6,1.65330791473389
255,"BGMM",2678,3000,5000,6,39.6627020835876
255,"DPMM",2678,3000,5000,6,154.396876811981
255,"NetC14",2678,3000,5000,6,7.86783599853516
255,"SPD",2678,3000,5000,6,0.08868408203125
256,"CKDE",18847,3000,5000,6,1.54868292808533
256,"BGMM",18847,3000,5000,6,43.7502760887146
256,"DPMM",18847,3000,5000,6,125.780389785767
256,"NetC14",18847,3000,5000,6,8.76372599601746
256,"SPD",18847,3000,5000,6,0.0815849304199219
257,"CKDE",29024,3000,5000,6,1.56989598274231
257,"BGMM",29024,3000,5000,6,39.8293092250824
257,"DPMM",29024,3000,5000,6,117.367791891098
257,"NetC14",29024,3000,5000,6,8.46219491958618
257,"SPD",29024,3000,5000,6,0.074753999710083
258,"CKDE",37710,3000,5000,6,1.48986911773682
258,"BGMM",37710,3000,5000,6,36.5486218929291
258,"DPMM",37710,3000,5000,6,132.691092967987
258,"NetC14",37710,3000,5000,6,8.00307416915894
258,"SPD",37710,3000,5000,6,0.0619499683380127
259,"CKDE",28158,3000,5000,6,1.57968807220459
259,"BGMM",28158,3000,5000,6,39.2117559909821
259,"DPMM",28158,3000,5000,6,107.43870806694
259,"NetC14",28158,3000,5000,6,7.97682785987854
259,"SPD",28158,3000,5000,6,0.0619640350341797
260,"CKDE",13025,3000,5000,6,1.48416519165039
260,"BGMM",13025,3000,5000,6,44.1080210208893
260,"DPMM",13025,3000,5000,6,105.362622976303
260,"NetC14",13025,3000,5000,6,8.07773804664612
260,"SPD",13025,3000,5000,6,0.0767710208892822
261,"CKDE",31433,3000,5000,6,2.31608915328979
261,"BGMM",31433,3000,5000,6,79.4417419433594
261,"DPMM",31433,3000,5000,6,118.150182008743
261,"NetC14",31433,3000,5000,6,11.6102700233459
261,"SPD",31433,3000,5000,6,0.0683689117431641
262,"CKDE",14956,3000,5000,6,1.74438214302063
262,"BGMM",14956,3000,5000,6,96.0748159885406
262,"DPMM",14956,3000,5000,6,105.986159086227
262,"NetC14",14956,3000,5000,6,14.1615529060364
262,"SPD",14956,3000,5000,6,0.0700130462646484
263,"CKDE",29340,3000,5000,6,1.6334490776062
263,"BGMM",29340,3000,5000,6,95.5553691387177
263,"DPMM",29340,3000,5000,6,145.665505886078
263,"NetC14",29340,3000,5000,6,13.0060241222382
263,"SPD",29340,3000,5000,6,0.0712790489196777
264,"CKDE",29428,3000,5000,6,1.84629392623901
264,"BGMM",29428,3000,5000,6,103.581701993942
264,"DPMM",29428,3000,5000,6,134.664535045624
264,"NetC14",29428,3000,5000,6,13.4583268165588
264,"SPD",29428,3000,5000,6,0.0645380020141602
265,"CKDE",18659,3000,5000,6,1.84569311141968
265,"BGMM",18659,3000,5000,6,92.0541570186615
265,"DPMM",18659,3000,5000,6,115.361871004105
265,"NetC14",18659,3000,5000,6,12.1850771903992
265,"SPD",18659,3000,5000,6,0.0867118835449219
266,"CKDE",18240,3000,5000,6,1.78261494636536
266,"BGMM",18240,3000,5000,6,89.729866027832
266,"DPMM",18240,3000,5000,6,137.642951965332
266,"NetC14",18240,3000,5000,6,12.3879098892212
266,"SPD",18240,3000,5000,6,0.0844249725341797
267,"CKDE",30781,3000,5000,6,1.7705249786377
267,"BGMM",30781,3000,5000,6,74.0938410758972
267,"DPMM",30781,3000,5000,6,122.705044984818
267,"NetC14",30781,3000,5000,6,10.843474149704
267,"SPD",30781,3000,5000,6,0.0767669677734375
268,"CKDE",21624,3000,5000,6,2.18525195121765
268,"BGMM",21624,3000,5000,6,90.7823479175568
268,"DPMM",21624,3000,5000,6,120.570731878281
268,"NetC14",21624,3000,5000,6,11.0227530002594
268,"SPD",21624,3000,5000,6,0.0789930820465088
269,"CKDE",33002,3000,5000,6,1.75261998176575
269,"BGMM",33002,3000,5000,6,75.6344227790833
269,"DPMM",33002,3000,5000,6,135.505547046661
269,"NetC14",33002,3000,5000,6,10.1799960136414
269,"SPD",33002,3000,5000,6,0.0629181861877441
270,"CKDE",28920,3000,5000,6,1.68559598922729
270,"BGMM",28920,3000,5000,6,66.8571178913116
270,"DPMM",28920,3000,5000,6,126.286294937134
270,"NetC14",28920,3000,5000,6,10.3346741199493
270,"SPD",28920,3000,5000,6,0.0720760822296143
271,"CKDE",32578,3000,5000,6,1.67071390151978
271,"BGMM",32578,3000,5000,6,56.7775111198425
271,"DPMM",32578,3000,5000,6,114.562907934189
271,"NetC14",32578,3000,5000,6,9.88170599937439
271,"SPD",32578,3000,5000,6,0.0668761730194092
272,"CKDE",43881,3000,5000,6,1.59315299987793
272,"BGMM",43881,3000,5000,6,43.1916987895966
272,"DPMM",43881,3000,5000,6,122.366384983063
272,"NetC14",43881,3000,5000,6,8.38039517402649
272,"SPD",43881,3000,5000,6,0.0637698173522949
273,"CKDE",7249,3000,5000,6,1.66879606246948
273,"BGMM",7249,3000,5000,6,46.7245700359344
273,"DPMM",7249,3000,5000,6,111.192975997925
273,"NetC14",7249,3000,5000,6,8.9838228225708
273,"SPD",7249,3000,5000,6,0.0951848030090332
274,"CKDE",38825,3000,5000,6,1.63460111618042
274,"BGMM",38825,3000,5000,6,42.8109319210052
274,"DPMM",38825,3000,5000,6,113.399455070496
274,"NetC14",38825,3000,5000,6,8.74486303329468
274,"SPD",38825,3000,5000,6,0.064741849899292
275,"CKDE",18277,3000,5000,6,1.67162084579468
275,"BGMM",18277,3000,5000,6,42.9396600723267
275,"DPMM",18277,3000,5000,6,115.337253093719
275,"NetC14",18277,3000,5000,6,8.70139813423157
275,"SPD",18277,3000,5000,6,0.06986403465271
276,"CKDE",10665,3000,5000,6,1.54835891723633
276,"BGMM",10665,3000,5000,6,42.082426071167
276,"DPMM",10665,3000,5000,6,136.042739868164
276,"NetC14",10665,3000,5000,6,8.26921010017395
276,"SPD",10665,3000,5000,6,0.0884149074554443
277,"CKDE",9194,3000,5000,6,1.55223798751831
277,"BGMM",9194,3000,5000,6,45.3395431041718
277,"DPMM",9194,3000,5000,6,137.384403944016
277,"NetC14",9194,3000,5000,6,8.22554612159729
277,"SPD",9194,3000,5000,6,0.0928618907928467
278,"CKDE",30326,3000,5000,6,1.53692102432251
278,"BGMM",30326,3000,5000,6,38.118213891983
278,"DPMM",30326,3000,5000,6,107.574195861816
278,"NetC14",30326,3000,5000,6,7.59194493293762
278,"SPD",30326,3000,5000,6,0.0605921745300293
279,"CKDE",12297,3000,5000,6,1.42693114280701
279,"BGMM",12297,3000,5000,6,47.3010318279266
279,"DPMM",12297,3000,5000,6,145.928864955902
279,"NetC14",12297,3000,5000,6,8.22645616531372
279,"SPD",12297,3000,5000,6,0.0809519290924072
280,"CKDE",21577,3000,5000,6,1.56649303436279
280,"BGMM",21577,3000,5000,6,44.498144865036
280,"DPMM",21577,3000,5000,6,114.770082950592
280,"NetC14",21577,3000,5000,6,8.25231194496155
280,"SPD",21577,3000,5000,6,0.089838981628418
